job_id,title_clean,company,job_family,jf_domain,jf_subdomain,seniority,city,company_type,n_skills,text_len,dominant_topic,topic_weight,dominant_topic_share
topcv:2161616,Data Engineer,Công ty Cổ phần Tập đoàn Meey Land,DATA_ENGINEER,Data Engineering,Pipelines & Platform,Mid,Hà Nội,other,13,155,0,0.222194,0.9736
topcv:2177773,Data Engineer,,DATA_ENGINEER,Data Engineering,Pipelines & Platform,Mid,Hà Nội,product,25,253,0,0.221043,1.0
topcv:2135980,Data Engineer - TA192,,DATA_ENGINEER,Data Engineering,Pipelines & Platform,Mid,Hà Nội,outsourcing,29,302,0,0.220653,1.0
glints:e95fa32b-0e53-4728-8f00-7e7963f41b6a,Data Engineer,Công Ty Chứng Khoán Acb,DATA_ENGINEER,Data Engineering,Pipelines & Platform,Mid,,bank_fintech,21,218,0,0.216406,0.872
careerviet:35C7235F,Senior Data Engineer - TNTech - 3K040,Tập đoàn ROX (ROX Group),DATA_ENGINEER,Data Engineering,Pipelines & Platform,Senior,Hà Nội,product,37,399,0,0.213821,0.8051
topcv:2179631,Senior Data Engineer – Finance Division - ID437,,DATA_ENGINEER,Data Engineering,Pipelines & Platform,Senior,Hà Nội,bank_fintech,25,297,0,0.212344,0.8089
itviec:0d89e1f4-cb50-46cc-878c-d95e39a557ef,Data Engineer,Bảo hiểm VietinBank (VBI),DATA_ENGINEER,Data Engineering,Pipelines & Platform,Mid,Hà Nội,bank_fintech,33,317,0,0.207785,1.0
itviec:9a2c8bab-c4ac-47e1-99f8-7243f3aae58a,Data Engineer,SHS | Chứng khoán Sài Gòn - Hà Nội,DATA_ENGINEER,Data Engineering,Pipelines & Platform,Mid,Hà Nội,bank_fintech,26,273,0,0.206489,0.9009
topcv:2173450,Data Engineer,CÔNG TY CỔ PHẦN LYNKID,DATA_ENGINEER,Data Engineering,Pipelines & Platform,Mid,Hà Nội,product,25,236,0,0.202777,1.0
glints:5d1f4d97-6c39-4697-8fc2-0bb2d710c702,Data Engineer,Công ty Cổ phần Công nghệ SotaTek,DATA_ENGINEER,Data Engineering,Pipelines & Platform,Mid,,other,33,334,0,0.201204,0.7641
topcv:1976956,Data Engineer,CÔNG TY TNHH GIẢI PHÁP BRAIN TECH,DATA_ENGINEER,Data Engineering,Pipelines & Platform,Mid,Hồ Chí Minh,outsourcing,27,266,0,0.192195,1.0
itviec:4201a925-c358-4700-bbcc-5929ec194847,Senior Data Engineer/Data Platform Engineer,AIRR Labs,DATA_ENGINEER,Data Engineering,Pipelines & Platform,Senior,Hồ Chí Minh,ecommerce,15,201,0,0.191311,0.9937
topcv:2177866,Middle Data Engineer Từ 2 Năm Kinh Nghiệm,công ty cổ phần Data Impact,DATA_ENGINEER,Data Engineering,Pipelines & Platform,Mid,Hà Nội,outsourcing,21,240,0,0.190138,0.832
topcv:2196638,Kỹ Sư Dữ Liệu,TRUNG TÂM DỊCH VỤ DỮ LIỆU VÀ TRÍ TUỆ NHÂN TẠO VIETTEL - CHI NHÁNH TẬP ĐOÀN CÔNG NGHIỆP - VIỄN THÔNG QUÂN ĐỘI,DATA_ENGINEER,Data Engineering,Pipelines & Platform,Mid,Hà Nội,other,19,202,0,0.189648,0.9262
careerviet:35C7644A,DevOps Data Engineer,Công Ty Cổ Phần TEECOM,DATA_ENGINEER,Data Engineering,Pipelines & Platform,Mid,Hồ Chí Minh,product,15,193,0,0.186479,0.8884
itviec:761814cc-6300-4b8b-bb8d-8a4bb50ff6f3,Data Engineer,PVcomBank,DATA_ENGINEER,Data Engineering,Pipelines & Platform,Mid,Hà Nội,other,22,191,0,0.183883,1.0
topcv:905982,Data Engineer,,DATA_ENGINEER,Data Engineering,Pipelines & Platform,Mid,Hà Nội,other,15,174,0,0.179661,0.7592
careerviet:35C6D684,Data Engineer,Công ty CP Công nghệ giáo dục Trường học trực tuyến (ONSCHOOL),DATA_ENGINEER,Data Engineering,Pipelines & Platform,Mid,Hà Nội,ecommerce,12,117,0,0.179257,1.0
itviec:fb5b6391-91bb-440b-88c4-ddf5b046907e,Data Engineer,De Heus Asia,DATA_ENGINEER,Data Engineering,Pipelines & Platform,Mid,Hồ Chí Minh,other,21,236,0,0.179065,0.5784
topcv:2189290,Data Engineer,CÔNG TY TNHH I-KONECT GLOBAL,DATA_ENGINEER,Data Engineering,Pipelines & Platform,Mid,Hồ Chí Minh,outsourcing,14,152,0,0.176213,1.0
topdev:2105324,CV/CVC/CVCC Kỹ thuật Dữ liệu -,NGÂN HÀNG THƯƠNG MẠI CỔ PHẦN LỘC PHÁT VIỆT NAM LPBANK,DATA_ENGINEER,Data Engineering,Pipelines & Platform,Mid,Hồ Chí Minh,bank_fintech,20,234,0,0.17418,0.9837
topcv:2189808,Data Engineer,Công ty Cổ phần Tập đoàn Công nghệ Thiên Hoàng,DATA_ENGINEER,Data Engineering,Pipelines & Platform,Mid,Hà Nội,other,14,142,0,0.172794,1.0
itviec:70a021aa-d927-4594-adcf-a4b97908f045,Senior Data Engineer,Amigo,DATA_ENGINEER,Data Engineering,Pipelines & Platform,Senior,Hà Nội,other,19,240,0,0.172344,0.6328
careerviet:35C752FD,Hồ Chí Minh – CVCC Data Warehouse - ID2795,Ngân Hàng TMCP Việt Nam Thịnh Vượng - VPBANK,DATA_ENGINEER,Data Engineering,Pipelines & Platform,Mid,Hồ Chí Minh,bank_fintech,15,220,0,0.170881,0.7002
careerviet:35C77829,Data Engineer,Tổng Công ty Cổ phần Công trình Viettel,DATA_ENGINEER,Data Engineering,Pipelines & Platform,Mid,Hà Nội,ecommerce,21,250,0,0.168846,0.6567
itviec:aefc0d62-97b6-4ed7-ae38-f97ea373454c,Senior Data Engineer,Be Group,DATA_ENGINEER,Data Engineering,Pipelines & Platform,Senior,Hồ Chí Minh,outsourcing,12,144,0,0.167951,0.9438
itviec:99635038-40eb-469f-af5a-8f69987cf287,Data Architect,VietinBank,DATA_ARCHITECT,Governance & Architecture,Governance & Architecture,Mid,Hà Nội,bank_fintech,12,135,0,0.167756,1.0
itviec:5288252b-63cd-447d-9ec1-d8c2648ed144,Senior Data Engineer - Financial Crime,GoTymeX,DATA_ENGINEER,Data Engineering,Pipelines & Platform,Senior,Hồ Chí Minh,other,17,196,0,0.166538,0.8655
topcv:2184635,Data Engineer - Hà Nội - TA105,,DATA_ENGINEER,Data Engineering,Pipelines & Platform,Mid,Hà Nội,outsourcing,15,189,0,0.164171,0.8055
itviec:1eadecf6-3060-4d6d-83a5-2d4c65f23b81,Data Architect,Tổng công ty Tân Cảng Sài Gòn (Saigon NewPort Corporation),DATA_ARCHITECT,Governance & Architecture,Governance & Architecture,Mid,Hồ Chí Minh,other,7,123,0,0.161433,0.8285
topcv:2163876,Data Engineer,CÔNG TY TNHH CÔNG NGHỆ NHẬN THỨC MÁY HORUS AI,DATA_ENGINEER,Data Engineering,Pipelines & Platform,Mid,Hà Nội,product,12,110,0,0.159735,0.9892
glints:cef38fa0-caad-43df-a79c-833024667be6,Data Engineer,SotaTek,DATA_ENGINEER,Data Engineering,Pipelines & Platform,Mid,,other,17,177,0,0.159442,1.0
topcv:2123028,Data Engineer,Công ty TNHH Giải pháp Phân tích dữ liệu Insight Data,DATA_ENGINEER,Data Engineering,Pipelines & Platform,Mid,Hồ Chí Minh,outsourcing,8,105,0,0.158795,0.9038
topcv:2191290,Senior Data Engineer,CÔNG TY TNHH CÔNG NGHỆ PHẦN MỀM LUTECH,DATA_ENGINEER,Data Engineering,Pipelines & Platform,Senior,,product,15,174,0,0.158572,0.8622
careerviet:35C74668,Data Engineering,Tổng Công ty Cổ phần Bảo hiểm Ngân hàng Đầu tư và Phát triển Việt Nam (BIC),DATA_ENGINEER,Data Engineering,Pipelines & Platform,Mid,Hà Nội,bank_fintech,12,152,0,0.155328,0.7256
itviec:611dd5f0-99cf-411a-b799-2ddc2d979e91,Senior Data Engineer,Công ty TNHH Stravo Vietnam,DATA_ENGINEER,Data Engineering,Pipelines & Platform,Senior,Hồ Chí Minh,other,14,187,0,0.155243,0.5679
itviec:ca1559bb-9c74-415c-87ef-626935408ef4,Data Engineer,GHN,DATA_ENGINEER,Data Engineering,Pipelines & Platform,Mid,Hồ Chí Minh,other,24,241,0,0.153398,0.8931
itviec:9986f783-1c62-45f3-9f22-0487bf3d685a,Data Engineer,Thuan Thanh Tech,DATA_ENGINEER,Data Engineering,Pipelines & Platform,Mid,Hà Nội,other,18,198,0,0.151257,0.5209
topcv:2189464,Data Engineer,CÔNG TY CỔ PHẦN TƯ VẤN CÔNG NGHỆ NGS,DATA_ENGINEER,Data Engineering,Pipelines & Platform,Mid,Hà Nội,outsourcing,17,194,0,0.151257,0.5209
topcv:2172230,Data Engineer Lead,CÔNG TY CỔ PHẦN PAYTECH,DATA_ENGINEER,Data Engineering,Pipelines & Platform,Lead,Hà Nội,other,17,199,0,0.151214,0.5123
careerviet:35C702C0,Senior Data Engineer,CÔNG TY TNHH GALAXY DIGITAL HOLDINGS,DATA_ENGINEER,Data Engineering,Pipelines & Platform,Senior,Hồ Chí Minh,product,26,2312,0,0.146762,0.526
itviec:9cf00f77-ed08-44e4-bd5b-e98a215c8829,Data Governance,Công ty Cổ phần Chứng khoán VPBank,DATA_GOVERNANCE,Governance & Architecture,Governance & Architecture,Mid,Hà Nội,bank_fintech,7,101,0,0.146306,0.9543
topcv:2168835,Data Engineer,"TECHVIFY SOFTWARE., JSC",DATA_ENGINEER,Data Engineering,Pipelines & Platform,Lead,Hà Nội,other,9,106,0,0.144916,0.7714
topcv:2193468,Data Engineer,CÔNG TY CỔ PHẦN THƯƠNG MẠI XUẤT NHẬP KHẨU GLOBAL GLORY,DATA_ENGINEER,Data Engineering,Pipelines & Platform,Mid,Hà Nội,outsourcing,13,159,0,0.143408,0.5193
itviec:63d691de-f5ce-4dec-bf12-a77bac989d16,Data Platform Operations,ABBANK,DATA_ENGINEER,Data Engineering,Pipelines & Platform,Mid,Hà Nội,product,18,194,0,0.140514,0.7704
itviec:1bef6fda-dcb0-44bd-b099-ea2b600ba54f,Senior/Lead Data Engineer,ITviec Recruitment Consulting,DATA_ENGINEER,Data Engineering,Pipelines & Platform,Lead,Hồ Chí Minh,outsourcing,15,166,0,0.139127,0.9196
topcv:2187604,Data Engineer Thu Nhập Hấp Dẫn Up To 50m,Công ty cổ phần XNK Đầu tư và Công nghệ HD Việt Nam,DATA_ENGINEER,Data Engineering,Pipelines & Platform,Mid,Hà Nội,other,17,221,0,0.138396,0.4946
itviec:b1543aa2-05d1-472e-b55b-01e111456e8c,"Senior Officer, Data Engineer- TechcomLife",Techcombank,DATA_ENGINEER,Data Engineering,Pipelines & Platform,Senior,Hà Nội,bank_fintech,17,200,0,0.137898,0.7598
topcv:2187432,Data Engineer,CÔNG TY CỔ PHẦN CÔNG NGHỆ TRÍ TUỆ NHÂN TẠO VBEE AITALK,DATA_ENGINEER,Data Engineering,Pipelines & Platform,Mid,Hà Nội,other,12,147,0,0.137174,0.7458
itviec:165fe2a7-bdc8-4c6a-b2e4-d1c29713c753,Software Engineer,AIRR Labs,DATA_ENGINEER,Data Engineering,Pipelines & Platform,Mid,Hồ Chí Minh,ecommerce,15,154,0,0.134789,0.6447
itviec:4b48eede-f8a2-4b9d-b5b9-280ad5e30f9a,Senior/Lead Platform Engineer,GoTymeX,MLOPS,AI / Machine Learning,ML Engineering,Lead,Hồ Chí Minh,product,14,161,0,0.134644,0.9269
topcv:2179021,Data Engineer,CÔNG TY TNHH MỘT THÀNH VIÊN AN NINH MẠNG VIETTEL,DATA_ENGINEER,Data Engineering,Pipelines & Platform,Mid,Hà Nội,product,16,173,0,0.132652,0.5969
topcv:2195339,Lead Analytics Engineer,CÔNG TY TNHH THƯƠNG MẠI VÀ TRUYỀN THÔNG QUẢNG CÁO GOLDEN PHOENIX,ANALYTICS_ENGINEER,Data Engineering,Pipelines & Platform,Lead,Hà Nội,other,8,115,0,0.132377,0.7751
topcv:2153027,Lead Analytics Engineer,CÔNG TY TNHH LEVER SPHERE VIỆT NAM,ANALYTICS_ENGINEER,Data Engineering,Pipelines & Platform,Lead,Hà Nội,product,8,115,0,0.132377,0.7751
itviec:ba024973-f127-4d84-be6d-2db79926aeae,Data Engineer,VNGGames,DATA_ENGINEER,Data Engineering,Pipelines & Platform,Mid,Hồ Chí Minh,other,8,86,0,0.130222,0.897
glints:7f1c0e92-3a4d-46f5-8676-f21acf6b13fe,Data Engineer,Viettel Cyber Security,DATA_ENGINEER,Data Engineering,Pipelines & Platform,Mid,,product,8,109,0,0.129116,0.7023
itviec:42152f14-6812-49cc-99e8-f2ec06910e41,Junior Data Modeler,CÔNG TY CỔ PHẦN AN NINH MẠNG QUỐC TẾ - ICS,DATA_ENGINEER,Data Engineering,Pipelines & Platform,Junior,Hà Nội,other,7,112,0,0.129071,0.8282
itviec:c62f75f0-8960-4d6d-baef-dd16afcc33e9,Data Tech Lead,Công ty TNHH Stravo Vietnam,DATA_ENGINEER,Data Engineering,Pipelines & Platform,Lead,Hồ Chí Minh,other,12,138,0,0.127177,0.7019
topcv:2185054,Data Engineer_HN_TA165,,DATA_ENGINEER,Data Engineering,Pipelines & Platform,Mid,Hà Nội,product,14,139,0,0.126359,1.0
itviec:82b07354-58b3-45e5-a53e-ec5467ae2e1d,Data Engineer - VIC,Viettel Group,DATA_ENGINEER,Data Engineering,Pipelines & Platform,Mid,Hà Nội,other,12,140,0,0.124982,0.7221
topcv:2124490,Data Engineer Lead,CÔNG TY CỔ PHẦN CÔNG NGHỆ ALPHAWAY,DATA_ENGINEER,Data Engineering,Pipelines & Platform,Lead,Hà Nội,outsourcing,11,130,0,0.124359,0.5423
topcv:2114998,Data Engineer,VIETTEL DIGITAL SERVICES CORPORATION - BRANCH OF VIETTEL GROUP,DATA_ENGINEER,Data Engineering,Pipelines & Platform,Junior,Hà Nội,other,14,161,0,0.123691,0.77
itviec:246da202-5fcc-422b-aa4c-60d59529c3ff,Data Engineer,PRATEK,DATA_ENGINEER,Data Engineering,Pipelines & Platform,Mid,Hồ Chí Minh,other,9,106,0,0.12076,0.6564
itviec:e02aa39e-35ed-4602-8f1d-b702382e2c54,CVCC Quản trị dữ liệu -K.CNTT,PVcomBank,DATA_GOVERNANCE,Governance & Architecture,Governance & Architecture,Mid,Hà Nội,other,13,160,0,0.114368,0.7474
vietnamworks:2054759,Senior Data Engineer,Asia Ingredients Group,DATA_ENGINEER,Data Engineering,Pipelines & Platform,Senior,Hồ Chí Minh,other,7,614,0,0.114353,0.515
itviec:72b4724a-388d-4fdf-a999-be772b78bbb0,Technical Leader - Upto 3300$,Catalytics Data International,DATA_ENGINEER,Data Engineering,Pipelines & Platform,Lead,Hồ Chí Minh,other,11,121,0,0.113561,0.7866
topcv:2183737,Trưởng Nhóm Data Engineer,Công ty cổ phần Ecoit,DATA_ENGINEER,Data Engineering,Pipelines & Platform,Lead,Hà Nội,product,12,155,0,0.112856,0.6698
glints:91fc27dc-c2aa-4202-9a1f-10d0b2a0ccc1,Middle Data Tester,Nenkin GGS,DATA_ENGINEER,Data Engineering,Pipelines & Platform,Mid,,other,6,91,0,0.111072,0.6473
itviec:e726ad5e-2695-47ac-acd4-db6bb1488236,Chuyên viên Phòng Quản trị dữ liệu – Khối CN và DL,Ngân hàng TNHH MTV Việt Nam Hiện Đại (MBV),DATA_GOVERNANCE,Governance & Architecture,Governance & Architecture,Mid,Hà Nội,bank_fintech,6,134,0,0.109982,0.5689
vietnamworks:2068370,SOCOM Data Engineer,ONPOINT COMPANY LIMITED,DATA_ENGINEER,Data Engineering,Pipelines & Platform,Mid,Hồ Chí Minh,ecommerce,8,970,0,0.108724,0.5276
vietnamworks:2057330,Data Engineer,Volio Vietnam,DATA_ENGINEER,Data Engineering,Pipelines & Platform,Mid,Hà Nội,other,8,660,0,0.108349,0.5565
vietnamworks:2060247,Data Engineer,Công Ty TNHH Chứng Khoán ACB,DATA_ENGINEER,Data Engineering,Pipelines & Platform,Mid,Hồ Chí Minh,bank_fintech,9,655,0,0.107835,0.5356
careerviet:35C74F2E,Chuyên viên cao cấp Giải pháp giám sát dịch vụ nội bộ - MVHB,Ngân hàng Thương mại Cổ phần Hàng Hải Việt Nam (MSB),BI,Analytics,Data Analysis & BI,Senior,Hà Nội,bank_fintech,11,183,0,0.106989,0.4231
topcv:2061819,Data Engineer,CÔNG TY CỔ PHẦN CÔNG NGHỆ AN NINH MẠNG QUỐC GIA VIỆT NAM,DATA_ENGINEER,Data Engineering,Pipelines & Platform,Mid,Hưng Yên,other,9,106,0,0.100713,0.9115
vietnamworks:2059069,Data Engineer,De Heus LLC,DATA_ENGINEER,Data Engineering,Pipelines & Platform,Mid,Hồ Chí Minh,other,11,985,0,0.100199,0.4547
itviec:c62cf212-931c-4bae-8701-6ead6070aa5c,Senior Data Architect,PVcomBank,DATA_ARCHITECT,Governance & Architecture,Governance & Architecture,Senior,Hà Nội,other,5,93,0,0.098632,0.6163
topcv:2172898,Business Data Analyst,VIETTEL DIGITAL SERVICES CORPORATION - BRANCH OF VIETTEL GROUP,DATA_ANALYST,Analytics,Data Analysis & BI,Mid,Hà Nội,other,7,96,0,0.09718,0.6484
itviec:97b80985-31bf-4feb-8c5e-a64ddab17a85,Senior Data Scientist,Renesas Design Vietnam,DATA_SCIENTIST,AI / Machine Learning,Data / Decision Science,Senior,Hồ Chí Minh,other,11,125,0,0.095417,0.4921
topcv:1599438,ETL Developer - Data Engineer,Công Ty TNHH LG CNS VIỆT NAM,DATA_ENGINEER,Data Engineering,Pipelines & Platform,Mid,Hà Nội,other,10,122,0,0.094617,0.4876
itviec:d4acbee5-a745-42d6-80e3-4238639020ed,Business Analyst,FPT Digital,BUSINESS_ANALYST,Analytics,Business / Domain Analysis,Mid,Hồ Chí Minh,outsourcing,7,100,0,0.09424,0.6589
vietnamworks:2066639,Trưởng Phòng/Chuyên Gia Nền Tảng Kỹ Thuật Dữ Liệu,Ngân hàng TMCP Tiên Phong (TPBank),DATA_ENGINEER,Data Engineering,Pipelines & Platform,Manager,Hà Nội,bank_fintech,8,772,0,0.093044,0.5326
itviec:660cc354-bcb5-460e-a208-26dacea29fb3,Senior Data Scientist,DATA NEST,DATA_SCIENTIST,AI / Machine Learning,Data / Decision Science,Senior,Hồ Chí Minh,other,11,139,0,0.079939,0.392
itviec:eb7a57f0-4d08-4096-bf2e-de5e1829d836,Database Developer,VietFul,DBA_DATABASE,Data Engineering,Database / DBA,Mid,Hồ Chí Minh,other,7,89,0,0.079272,0.5624
careerviet:35C759D8,Data Engineering,Panasonic Electric Works Vietnam,DATA_ENGINEER,Data Engineering,Pipelines & Platform,Mid,Bình Dương,other,6,90,0,0.076282,0.4719
vietnamworks:2060568,"Expert, Data Engineer - TechcomLife",Techcombank,DATA_ENGINEER,Data Engineering,Pipelines & Platform,Manager,Hà Nội,bank_fintech,12,946,0,0.070577,0.4684
itviec:460b0bb9-d47b-430a-86d0-747080df5c68,Business Analyst,Saigon Technology,BUSINESS_ANALYST,Analytics,Business / Domain Analysis,Mid,Hồ Chí Minh,other,8,90,0,0.06094,0.4798
itviec:5dcfae9a-8171-4a06-ac32-fe2f17edb82d,Web Scraping Developer,Officience,DATA_ENGINEER,Data Engineering,Pipelines & Platform,Mid,Hồ Chí Minh,ecommerce,8,108,0,0.059918,0.5074
itviec:1b48e9dc-95d8-4108-96d8-999bd70c4b98,Data Architect - Data Division,MB Bank,DATA_ARCHITECT,Governance & Architecture,Governance & Architecture,Mid,Hà Nội,bank_fintech,12,162,0,0.05818,0.4533
itviec:702afded-df61-4138-b515-4eb7decf1d9a,Data Quality Management Specialist - Data Division,MB Bank,DATA_GOVERNANCE,Governance & Architecture,Governance & Architecture,Mid,Hà Nội,bank_fintech,3,99,0,0.049359,0.5806
careerviet:35C6D767,Advisor for Tracking and Monitoring of the NDC,Văn phòng đại diện Tổ chức Hợp tác Quốc tế Đức GIZ tại Hà Nội,DATA_ANALYST,Analytics,Data Analysis & BI,Mid,Hà Nội,other,3,87,0,0.026932,0.3538
careerviet:35C738A8,Chuyên viên kế toán Tài sản & Đầu tư,Công Ty Cổ Phần Cơ Khí Xây Dựng Thương Mại Đại Dũng,BUSINESS_ANALYST,Analytics,Business / Domain Analysis,Mid,Hồ Chí Minh,ecommerce,8,5141,1,0.263016,0.9056
careerviet:35C71365,Senior Data Management Specialist – Business Analyst - ID4328,Ngân Hàng TMCP Việt Nam Thịnh Vượng - VPBANK,BUSINESS_ANALYST,Analytics,Business / Domain Analysis,Senior,Hà Nội,bank_fintech,5,3670,1,0.257188,0.96
careerviet:35C77385,Nhân viên Phân tích nghiệp vụ,Công Ty Cổ Phần Giải Pháp Thanh Toán Việt Nam (VNPAY),BUSINESS_ANALYST,Analytics,Business / Domain Analysis,Mid,Hà Nội,bank_fintech,2,2232,1,0.257079,0.9804
careerviet:35C71D71,Giám đốc Trung tâm Trí tuệ nhân tạo,Công ty Cổ phần Tập đoàn Meey Land,DATA_LEADERSHIP,Data Leadership,Leadership,Manager,Hà Nội,other,19,5272,1,0.252644,0.7337
careerviet:35C78B63,"Chuyên viên, Chuyên viên Cao cấp Khoa học Dữ liệu - Data Scientist - Khối Dữ liệu",Ngân Hàng TMCP Quân Đội,DATA_SCIENTIST,AI / Machine Learning,Data / Decision Science,Senior,Hà Nội,bank_fintech,16,3600,1,0.250031,0.7388
careerviet:35C79AE2,Chuyên gia/CVCC Mô hình rủi ro,Ngân Hàng TMCP Sài Gòn - Hà Nội ( SHB ),RISK_FRAUD_ANALYST,Analytics,Business / Domain Analysis,Senior,Hà Nội,bank_fintech,5,3206,1,0.249084,0.8707
careerviet:35C780AF,QLRR_Chuyên Viên Cao Cấp Quản Lý Rủi Ro Thanh Khoản,Ngân hàng TMCP Phát triển TP.HCM (HDBank),RISK_FRAUD_ANALYST,Analytics,Business / Domain Analysis,Manager,Hồ Chí Minh,bank_fintech,9,2839,1,0.245914,0.8629
careerviet:35C78B3C,Chuyên viên Phân tích và thiết kế Mô hình dữ liệu - Data Analyst - Khối Dữ liệu,Ngân Hàng TMCP Quân Đội,DATA_ANALYST,Analytics,Data Analysis & BI,Mid,Hà Nội,bank_fintech,10,2681,1,0.245517,0.7972
careerviet:35C7A1C6,Chuyên viên cao cấp Phân tích dữ liệu rủi ro,Ngân Hàng TMCP Sài Gòn - Hà Nội ( SHB ),DATA_ANALYST,Analytics,Data Analysis & BI,Senior,Hà Nội,bank_fintech,8,3073,1,0.24159,0.8312
careerviet:35C704F3,Chuyên viên cao cấp/Chuyên viên chính Phân tích dữ liệu nâng cao – Khối Công nghệ thông tin,Ngân Hàng TMCP Tiên Phong (TPBank),DATA_ANALYST,Analytics,Data Analysis & BI,Senior,Hà Nội,bank_fintech,10,2615,1,0.241311,0.8647
careerviet:35C78B64,Kỹ sư Dữ liệu - Data Engineer - Khối Dữ liệu,Ngân Hàng TMCP Quân Đội,DATA_ENGINEER,Data Engineering,Pipelines & Platform,Mid,Hà Nội,bank_fintech,6,2810,1,0.238042,0.901
careerviet:35C71366,Senior Data Engineer – Finance Division - ID437,Ngân Hàng TMCP Việt Nam Thịnh Vượng - VPBANK,DATA_ENGINEER,Data Engineering,Pipelines & Platform,Senior,Hà Nội,bank_fintech,23,4055,1,0.237675,0.6954
careerviet:35C796E3,Senior Business Analyst - Chuyên Viên Phân Tích Nghiệp Vụ,Công ty Cố phần giải pháp công nghệ ITE,BUSINESS_ANALYST,Analytics,Business / Domain Analysis,Senior,Hà Nội,outsourcing,3,4017,1,0.236264,0.9507
topdev:2109766,Chuyên viên Quản lý chất lượng dữ liệu - Data Quality Management Specialist - Khối Dữ liệu,MBBANK,DATA_GOVERNANCE,Governance & Architecture,Governance & Architecture,Manager,Hà Nội,bank_fintech,1,2000,1,0.231863,0.9903
careerviet:35C75DFA,HO - Phó phòng phát triển sản phẩm số,Ngân Hàng TMCP Phương Đông - OCB,PRODUCT_ANALYST,Analytics,Business / Domain Analysis,Manager,Hồ Chí Minh,bank_fintech,3,4370,1,0.231851,0.9856
careerviet:35C783C4,Senior Data Scientist,Ngân Hàng TMCP Phương Đông - OCB,DATA_SCIENTIST,AI / Machine Learning,Data / Decision Science,Senior,Hồ Chí Minh,bank_fintech,12,3852,1,0.231631,0.6961
topdev:2109784,"Chuyên viên, Chuyên viên Cao cấp Khoa học Dữ liệu - Data Scientist - Khối Dữ liệu",MBBANK,DATA_SCIENTIST,AI / Machine Learning,Data / Decision Science,Senior,Hà Nội,bank_fintech,15,2775,1,0.228896,0.7048
careerviet:35C7A83A,Chuyên Viên Phân Tích Dữ Liệu,CÔNG TY CỔ PHẦN DƯỢC PHẨM FPT LONG CHÂU,DATA_ANALYST,Analytics,Data Analysis & BI,Mid,Hồ Chí Minh,other,6,2289,1,0.228352,0.8982
careerviet:35C78FAB,Giám đốc Phòng Phát Triển ứng dụng và sản phẩm,Công ty TNHH Chứng khoán ACB,DATA_LEADERSHIP,Data Leadership,Leadership,Manager,Hồ Chí Minh,bank_fintech,7,2456,1,0.227345,0.7455
careerviet:35C6FA56,"Chuyên viên cao cấp Giám sát, Kiểm tra và Cơ cấu tín dụng Khách hàng Doanh nghiệp Lớn",Ngân Hàng TMCP Tiên Phong (TPBank),RISK_FRAUD_ANALYST,Analytics,Business / Domain Analysis,Senior,Hà Nội,bank_fintech,0,2164,1,0.226972,1.0
topdev:2106123,Chuyên viên - Phòng Giám sát giao dịch và Quản lý rủi ro - Risk Management - Khối Vận hành,MBBANK,RISK_FRAUD_ANALYST,Analytics,Business / Domain Analysis,Manager,Hà Nội,bank_fintech,8,1602,1,0.226552,0.8341
careerviet:35C770D9,Chuyên Gia Phân tích dữ liệu và xây dựng mô hình phát hiện gian lận - Khối Quản trị rủi ro,Ngân Hàng TMCP Quân Đội,DATA_ANALYST,Analytics,Data Analysis & BI,Senior,Hà Nội,bank_fintech,7,2477,1,0.225508,0.8025
topdev:2109774,Chuyên viên Phân tích và thiết kế Mô hình dữ liệu - Data Analyst - Khối Dữ liệu,MBBANK,DATA_ANALYST,Analytics,Data Analysis & BI,Mid,Hà Nội,bank_fintech,9,2026,1,0.225156,0.7936
careerviet:35C6E40F,Senior Data Engineer,Nova Service Group - Công ty Cổ phần Tập đoàn Nova Services,DATA_ENGINEER,Data Engineering,Pipelines & Platform,Senior,Hồ Chí Minh,product,7,4060,1,0.224977,0.8029
topdev:2109764,Chuyên viên cao cấp Bảo mật dữ liệu - Senior Data Security - Data Division - Khối Dữ liệu,MBBANK,DATA_GOVERNANCE,Governance & Architecture,Governance & Architecture,Senior,Hà Nội,bank_fintech,4,2205,1,0.224769,0.9201
careerviet:35C6E865,Phó Phòng Tài chính,BVBank - Ngân hàng Bản Việt,BI,Analytics,Data Analysis & BI,Manager,Hồ Chí Minh,bank_fintech,12,3242,1,0.224436,0.7161
topdev:2109414,"Chuyên viên, Chuyên viên cao cấp Xây dựng Mô hình rủi ro - Risk Modeling Specialist, Senior Specialist - Khối Quản trị rủi ro",MBBANK,RISK_FRAUD_ANALYST,Analytics,Business / Domain Analysis,Senior,Hà Nội,bank_fintech,7,1644,1,0.223517,0.8504
careerviet:35C79395,Chuyên viên cao cấp Cơ sở Dữ liệu,Công Ty Cổ Phần Tập Đoàn Đầu Tư Địa Ốc No Va,DBA_DATABASE,Data Engineering,Database / DBA,Senior,Hồ Chí Minh,outsourcing,24,3870,1,0.221602,0.6274
careerviet:35C765B7,Chuyên viên Phân tích dữ liệu,Tập Đoàn Lộc Trời,DATA_ANALYST,Analytics,Data Analysis & BI,Mid,Hồ Chí Minh,bank_fintech,13,2531,1,0.221449,0.6756
careerviet:35C7638E,Agentic Engineer - Khối Công nghệ thông tin,Ngân Hàng TMCP Quân Đội,GENAI_LLM,AI / Machine Learning,AI / GenAI Engineering,Mid,Hà Nội,bank_fintech,13,3676,1,0.220517,0.6857
careerviet:35C6FC79,AI Software Engineer - Khối Công nghệ thông tin,Ngân Hàng TMCP Quân Đội,AI_ENGINEER,AI / Machine Learning,AI / GenAI Engineering,Mid,Hà Nội,bank_fintech,13,3708,1,0.22009,0.6822
topdev:2110632,"Chuyên viên cao cấp, Chuyên gia Kiểm định Mô hình kinh doanh - Senior Business Model Validation Analyst - Khối Dữ liệu",MBBANK,BUSINESS_ANALYST,Analytics,Business / Domain Analysis,Senior,Hà Nội,bank_fintech,10,1624,1,0.2198,0.7183
topdev:2107179,Chuyên viên Quản trị Hiệu quả & Danh mục SME - Khối Khách hàng vừa và nhỏ,MBBANK,BI,Analytics,Data Analysis & BI,Mid,Hà Nội,bank_fintech,4,1557,1,0.2178,0.9276
topdev:2110625,Chuyên viên Mô hình rủi ro - Data Science & Risk Modeling Spealist - Khối Quản trị rủi ro,MBBANK,RISK_FRAUD_ANALYST,Analytics,Business / Domain Analysis,Mid,Hà Nội,bank_fintech,7,1500,1,0.217768,0.8377
careerviet:35C7AF7D,IT Business Analyst,Công Ty Cổ Phần Vacxin Việt Nam,BUSINESS_ANALYST,Analytics,Business / Domain Analysis,Mid,Hồ Chí Minh,bank_fintech,5,2434,1,0.217443,0.9319
topdev:2109420,"Chuyên viên, Chuyên viên cao cấp Giám sát rủi ro tín dụng - Credit Risk Monitoring Specialist, Senior Specialist - Khối Quản trị rủi ro",MBBANK,RISK_FRAUD_ANALYST,Analytics,Business / Domain Analysis,Senior,Hà Nội,bank_fintech,1,1268,1,0.216178,0.9819
careerviet:35C78C8C,Chuyên viên cao cấp/Chuyên gia Quản lý dữ liệu - Khối Ngân hàng Bán lẻ,Ngân Hàng TMCP Sài Gòn - Hà Nội ( SHB ),DATA_GOVERNANCE,Governance & Architecture,Governance & Architecture,Manager,Hà Nội,bank_fintech,19,3829,1,0.216021,0.6527
careerviet:35C6DDB5,DevOps Engineer,Công ty TNHH Viettel - CHT,DATAOPS,Data Engineering,Pipelines & Platform,Mid,Hà Nội,product,14,2913,1,0.215137,0.6213
careerviet:35C78BCF,Chuyên Viên Quản Lý Chất Lượng,CÔNG TY CỔ PHẦN TẬP ĐOÀN HOA SEN,DATA_GOVERNANCE,Governance & Architecture,Governance & Architecture,Manager,Hồ Chí Minh,ecommerce,3,1464,1,0.213062,0.8455
careerviet:35C6F4D1,Trưởng Bộ phận Tài chính,BVBank - Ngân hàng Bản Việt,DATA_LEADERSHIP,Data Leadership,Leadership,Manager,Hồ Chí Minh,bank_fintech,12,2653,1,0.211678,0.6794
topdev:2104537,Chuyên Gia Phân tích dữ liệu và xây dựng mô hình phát hiện gian lận - Khối Quản trị rủi ro,MBBANK,DATA_ANALYST,Analytics,Data Analysis & BI,Senior,Hà Nội,bank_fintech,6,1913,1,0.211371,0.8249
topdev:2109795,Trợ lý Kiểm toán - Phòng Kiểm toán tài chính và hoạt động - Cơ quan Kiểm toán nội bộ,MBBANK,RISK_FRAUD_ANALYST,Analytics,Business / Domain Analysis,Mid,Hà Nội,bank_fintech,4,1285,1,0.21032,0.9575
careerviet:35C7ADA2,Senior Data Analyst,Nova Service Group - Công ty Cổ phần Tập đoàn Nova Services,DATA_ANALYST,Analytics,Data Analysis & BI,Senior,Hồ Chí Minh,other,17,2537,1,0.209093,0.6599
careerviet:35C7656C,E-Commerce Business Analytics Team Leader,CÔNG TY CỔ PHẦN DƯỢC PHẨM FPT LONG CHÂU,BUSINESS_ANALYST,Analytics,Business / Domain Analysis,Lead,Hồ Chí Minh,ecommerce,10,2180,1,0.208766,0.7137
careerviet:35C730C3,Chuyên Viên Tư Vấn Giải Pháp,CÔNG TY CỔ PHẦN CÔNG NGHỆ 3S TOÀN CẦU,BUSINESS_ANALYST,Analytics,Business / Domain Analysis,Mid,Hà Nội,outsourcing,1,1590,1,0.208619,0.9529
topdev:2113692,Kỹ Sư Dữ Liệu,Tổng Công Ty Hạ Tầng Mạng (VNPT-Net),DATA_ENGINEER,Data Engineering,Pipelines & Platform,Mid,Hà Nội,other,8,2435,1,0.207511,0.9168
topdev:2110629,Chuyên viên Quản trị rủi ro Công nghệ - IT Risks Management Specialist - Khối Quản trị rủi ro,MBBANK,RISK_FRAUD_ANALYST,Analytics,Business / Domain Analysis,Mid,Hà Nội,bank_fintech,5,1320,1,0.207051,0.892
glints:d00e9301-000b-4319-ab34-e4576cc2a82b,Management Information System Specialist,AKA Furniture,BI,Analytics,Data Analysis & BI,Mid,,other,5,2172,1,0.206942,0.8948
topdev:2109786,Chuyên viên Phân tích Khách hàng Doanh nghiệp - Business Customer Data Analyst - Khối Dữ liệu,MBBANK,DATA_ANALYST,Analytics,Data Analysis & BI,Mid,Hà Nội,bank_fintech,8,1363,1,0.20509,0.7459
topdev:2113061,AI Expert - Khối Công nghệ thông tin,MBBANK,AI_ENGINEER,AI / Machine Learning,AI / GenAI Engineering,Senior,Hà Nội,bank_fintech,7,1371,1,0.199577,0.7064
careerviet:35C7A077,Chuyên viên Planning & Performance,Công ty Cổ phần CANIFA,BUSINESS_ANALYST,Analytics,Business / Domain Analysis,Mid,Hà Nội,other,6,2321,1,0.199277,0.7532
careerviet:35C76C56,"P. Khoa học dữ liệu, Hội sở - Chuyên viên Vận hành mô hình",Ngân Hàng TMCP Phương Đông - OCB,DATA_SCIENTIST,AI / Machine Learning,Data / Decision Science,Mid,Hồ Chí Minh,bank_fintech,14,2584,1,0.199238,0.7008
careerviet:35C783BE,Senior Business Analyst,Ngân Hàng TMCP Phương Đông - OCB,BUSINESS_ANALYST,Analytics,Business / Domain Analysis,Senior,Hồ Chí Minh,bank_fintech,6,1963,1,0.198066,0.7218
topdev:2109785,Kỹ sư Dữ liệu - Data Engineer - Khối Dữ liệu,MBBANK,DATA_ENGINEER,Data Engineering,Pipelines & Platform,Mid,Hà Nội,bank_fintech,6,1824,1,0.19787,0.8373
careerviet:35C70C22,Senior Business Intelligence - Mảng Đầu Tư,NGÂN HÀNG TMCP KỸ THƯƠNG VIỆT NAM (TECHCOMBANK),BI,Analytics,Data Analysis & BI,Senior,Hà Nội,bank_fintech,5,2837,1,0.193477,0.7074
careerviet:35C79B77,Chuyên viên công nghệ thông tin,PTSC Offshore Services (POS),BI,Analytics,Data Analysis & BI,Mid,,other,23,3749,1,0.191975,0.5382
careerviet:35C77D47,Chuyên viên Quản lý Kho và Mô hình dữ liệu,Ngân Hàng TMCP Sài Gòn - Hà Nội ( SHB ),DATA_ENGINEER,Data Engineering,Pipelines & Platform,Manager,Hà Nội,bank_fintech,10,1972,1,0.188593,0.7076
careerviet:35C7AD43,Data Engineer - Dự án CNTT,Ngân Hàng TMCP Sài Gòn - Hà Nội ( SHB ),DATA_ENGINEER,Data Engineering,Pipelines & Platform,Mid,Hà Nội,bank_fintech,10,1872,1,0.186117,0.6854
careerviet:35C7B077,KỸ SƯ AI NGÔN NGỮ LỚN,Tổng công ty Xây dựng số 1 – CTCP,AI_ENGINEER,AI / Machine Learning,AI / GenAI Engineering,Mid,Hồ Chí Minh,outsourcing,7,2378,1,0.186054,0.6578
careerviet:35C7958C,Business Analyst,CÔNG TY TNHH CÔNG NGHỆ B2B,BUSINESS_ANALYST,Analytics,Business / Domain Analysis,Mid,Hồ Chí Minh,other,6,1630,1,0.183463,0.7239
careerviet:35C7656F,Nhân viên Vận hành Ecom,CÔNG TY CỔ PHẦN DƯỢC PHẨM FPT LONG CHÂU,DATA_ANALYST,Analytics,Data Analysis & BI,Mid,Hồ Chí Minh,ecommerce,2,1415,1,0.183111,0.963
careerviet:35C71763,Senior Risk Modelling Development Specialist,FE CREDIT,RISK_FRAUD_ANALYST,Analytics,Business / Domain Analysis,Senior,Hồ Chí Minh,other,9,1372,1,0.182377,0.7237
topdev:2113056,AI Engineer - Khối Công Nghệ Thông Tin,MBBANK,AI_ENGINEER,AI / Machine Learning,AI / GenAI Engineering,Mid,Hà Nội,bank_fintech,11,1657,1,0.18031,0.6022
careerviet:35C7AE0F,Nhân viên Xử lý dữ liệu dự án,Công ty cổ phần CPM Việt Nam,DATA_ANALYST,Analytics,Data Analysis & BI,Mid,Hồ Chí Minh,other,3,1371,1,0.179063,0.931
vietnamworks:2065684,Chuyên Viên Phát Triển Sản Phẩm,Công Ty Cổ Phần Quản Lý Quỹ HD,PRODUCT_ANALYST,Analytics,Business / Domain Analysis,Mid,Hồ Chí Minh,bank_fintech,1,542,1,0.179054,1.0
vietnamworks:2043667,Chuyên Gia Phát Triển Sản Phẩm/Giải Pháp CNTT,Trung Tâm Công Nghệ Thông Tin MobiFone,PRODUCT_ANALYST,Analytics,Business / Domain Analysis,Senior,Hà Nội,outsourcing,1,601,1,0.175383,1.0
careerviet:35C6FEF4,Chuyên viên chính/cao cấp Lập trình AI - Khối Công nghệ Thông tin,Ngân Hàng TMCP Tiên Phong (TPBank),AI_ENGINEER,AI / Machine Learning,AI / GenAI Engineering,Senior,Hà Nội,bank_fintech,9,1854,1,0.175197,0.5966
careerviet:35C7AD25,Data Analyst - Dự án CNTT,Ngân Hàng TMCP Sài Gòn - Hà Nội ( SHB ),DATA_ANALYST,Analytics,Data Analysis & BI,Mid,Hà Nội,bank_fintech,11,1456,1,0.17514,0.5777
vietnamworks:2067451,Chuyên Gia Giải Pháp Chấp Nhận Thanh Toán và Ứng Dụng Số - RB - MSB - 1O309,Ngân Hàng Thương Mại Cổ Phần Hàng Hải Việt Nam (MSB),BUSINESS_ANALYST,Analytics,Business / Domain Analysis,Senior,Hà Nội,bank_fintech,1,626,1,0.174653,1.0
glints:e6051f56-2783-46d9-8f00-96e82841c234,Data Analysis Leader,CÔNG TY TNHH TMT SEN VÀNG VIỆT NAM,DATA_ANALYST,Analytics,Data Analysis & BI,Lead,,other,18,2451,1,0.17436,0.5592
vietnamworks:2067984,Chuyên Viên Phân Tích Nghiệp Vụ Và Phát Triển Sản Phẩm thuộc Phòng Phân tích - Nghiên cứu,Công Ty Cổ Phần Chứng Khoán Agribank,BUSINESS_ANALYST,Analytics,Business / Domain Analysis,Mid,Hà Nội,bank_fintech,1,628,1,0.172646,1.0
careerviet:35C7886F,HRBP Data Analyst,CÔNG TY CỔ PHẦN KING FOOD MARKET,DATA_ANALYST,Analytics,Data Analysis & BI,Mid,Hồ Chí Minh,product,7,1828,1,0.17263,0.6243
topdev:2109210,CVC Data Governance,Ngân hàng TMCP Công Thương Việt Nam (Vietinbank),DATA_GOVERNANCE,Governance & Architecture,Governance & Architecture,Mid,Hà Nội,bank_fintech,6,1481,1,0.17038,0.8435
careerviet:35C72650,Senior Data Tester - Data and Digital Transformation Division,Ngân Hàng TMCP Quốc Dân (NCB),DATA_GOVERNANCE,Governance & Architecture,Governance & Architecture,Senior,Hà Nội,bank_fintech,20,3449,1,0.169703,0.5602
careerviet:35C78F91,KẾ TOÁN KHO,Công ty Cổ phần Mediamart Việt Nam,DATA_ANALYST,Analytics,Data Analysis & BI,Mid,Hà Nội,other,1,1156,1,0.168068,1.0
careerviet:35C704D1,Chuyên viên chính/cao cấp Xử lý dữ liệu - Khối Công nghệ thông tin,Ngân Hàng TMCP Tiên Phong (TPBank),DATA_ENGINEER,Data Engineering,Pipelines & Platform,Senior,Hà Nội,bank_fintech,9,1564,1,0.167323,0.6472
glints:7a705fb1-88f6-4bf9-98ee-968bb1463313,Thực tập sinh Data Automation,Công ty Cổ Phần Chuỗi Bán Lẻ Mini Min,DATA_ANALYST,Analytics,Data Analysis & BI,Intern,,ecommerce,5,1250,1,0.166274,0.7553
vietnamworks:2056691,Chuyên Viên Tài Chính,Công Ty Cổ Phần BM Windows,RISK_FRAUD_ANALYST,Analytics,Business / Domain Analysis,Mid,Hồ Chí Minh,bank_fintech,2,574,1,0.166016,0.9679
vietnamworks:2048403,Trưởng Phòng Thẩm Định & Sản Phẩm,Công Ty Cổ Phần Tư Vấn Global Care,RISK_FRAUD_ANALYST,Analytics,Business / Domain Analysis,Manager,Hồ Chí Minh,bank_fintech,1,559,1,0.163928,1.0
vietnamworks:2063583,Chuyên Gia Nghiên Cứu Thị Trường - Khối Chiến Lược,Ngân Hàng TMCP Đại Chúng Việt Nam,RESEARCH_SCIENTIST,AI / Machine Learning,Data / Decision Science,Senior,Hà Nội,bank_fintech,1,630,1,0.162973,0.9756
vietnamworks:2068223,Chuyên Gia Phân Tích Kinh Doanh,Ngân Hàng Thương Mại Cổ Phần Thịnh Vượng Và Phát Triển (PGBANK),BUSINESS_ANALYST,Analytics,Business / Domain Analysis,Senior,Hà Nội,bank_fintech,1,589,1,0.161177,1.0
careerviet:35C770F5,Nhân viên phân tích tài chính biết tiếng Trung,CÔNG TY TNHH POLYTEX FAR EASTERN (VIỆT NAM),RISK_FRAUD_ANALYST,Analytics,Business / Domain Analysis,Mid,Hồ Chí Minh,bank_fintech,2,882,1,0.159304,0.9986
vietnamworks:2033774,Trưởng Phòng Quản Lý Thay Đổi - Khối Chiến Lược,Ngân Hàng TMCP Đại Chúng Việt Nam,DATA_LEADERSHIP,Data Leadership,Leadership,Manager,Hà Nội,bank_fintech,0,579,1,0.158783,1.0
vietnamworks:2043139,Nhân Viên GSD,Công Ty TNHH Kanaan Central Việt Nam,DATA_ANALYST,Analytics,Data Analysis & BI,Mid,Hồ Chí Minh,ecommerce,1,553,1,0.157095,0.9997
vietnamworks:2059846,"Chuyên Gia Quản Trị và Phân Tích Danh Mục, Phòng Quản Trị Rủi Ro Tín Dụng và Phân Tích Danh Mục, Khối QTRR",Ngân Hàng TMCP Đại Chúng Việt Nam,RISK_FRAUD_ANALYST,Analytics,Business / Domain Analysis,Senior,Hà Nội,bank_fintech,3,647,1,0.156808,0.9437
vietnamworks:2065849,Giám Sát Kho - Đi Làm Ngay,Công ty Cổ phần CF Group,DATA_ANALYST,Analytics,Data Analysis & BI,Manager,Hà Nội,other,3,601,1,0.156565,0.8759
careerviet:35C7B04D,Chuyên viên Nghiên cứu Sản phẩm & Kiểm nghiệm,CÔNG TY TNHH MỘT THÀNH VIÊN VITOX,RESEARCH_SCIENTIST,AI / Machine Learning,Data / Decision Science,Mid,Hồ Chí Minh,product,1,2295,1,0.156206,0.6812
vietnamworks:2058687,Chuyên Viên Phân Tích Nghiệp Vụ,Tập Đoàn Bưu Chính Viễn Thông Việt Nam (VNPT),BUSINESS_ANALYST,Analytics,Business / Domain Analysis,Mid,Hà Nội,ecommerce,0,519,1,0.15519,1.0
vietnamworks:2055992,Chuyên Viên Cao Cấp Phân Tích Doanh Nghiệp,Công Ty Cổ Phần Chứng Khoán KB Việt Nam,BUSINESS_ANALYST,Analytics,Business / Domain Analysis,Senior,Hà Nội,bank_fintech,2,602,1,0.155078,1.0
vietnamworks:2042739,Chuyên Viên Phân Tích Dữ Liệu Kinh Doanh,Tổng Công Ty Hàng Hải Việt Nam - CTCP,DATA_ANALYST,Analytics,Data Analysis & BI,Mid,Hà Nội,outsourcing,3,635,1,0.154475,0.7598
vietnamworks:2067970,Chuyên Viên Nghiên Cứu & Phát Triển Đối Tác AI,Công ty Cổ phần Công nghệ và Tư vấn CIC,RESEARCH_SCIENTIST,AI / Machine Learning,Data / Decision Science,Mid,Hà Nội,outsourcing,0,545,1,0.154074,0.8499
vietnamworks:2065137,"Chuyên Viên Quản Trị Tuyến, Điểm Bán",Tổng Công Ty Cổ Phần Bia-Rượu-Nước Giải Khát Hà Nội (Habeco),BUSINESS_ANALYST,Analytics,Business / Domain Analysis,Mid,Hà Nội,other,2,601,1,0.153995,0.8956
vietnamworks:2056478,Chuyên Gia Kiến Trúc và Giải Pháp Hạ Tầng - K.CNTT,Ngân Hàng TMCP Đại Chúng Việt Nam,DATA_ARCHITECT,Governance & Architecture,Governance & Architecture,Senior,Hà Nội,bank_fintech,1,604,1,0.153987,1.0
careerviet:35C70B69,Data Engineer,Tổng Công Ty Cổ Phần Bảo Hiểm Ngân Hàng TMCP Công Thương Việt Nam,DATA_ENGINEER,Data Engineering,Pipelines & Platform,Mid,Hà Nội,bank_fintech,32,2259,1,0.153767,0.5071
vietnamworks:2064835,Business Analyst,CÔNG TY TNHH EZ TECH VIỆT NAM,BUSINESS_ANALYST,Analytics,Business / Domain Analysis,Mid,Hà Nội,outsourcing,0,499,1,0.15362,0.8112
vietnamworks:2057998,Senior Investment Analyst,Công Ty CP Thành Thành Công - Biên Hòa,RISK_FRAUD_ANALYST,Analytics,Business / Domain Analysis,Senior,Hồ Chí Minh,other,2,591,1,0.153202,0.905
vietnamworks:2061107,Chuyên Viên Dữ Liệu,Công Ty Cổ Phần Thanh Toán Quốc Gia Việt Nam,DATA_ENGINEER,Data Engineering,Pipelines & Platform,Mid,Hà Nội,bank_fintech,4,562,1,0.153066,0.809
vietnamworks:2058855,Chuyên Viên Cao Cấp Quản Trị Rủi Ro Công Nghệ - Senior IT Risks Management Specialist - Khối Quản Trị Rủi Ro,NGÂN HÀNG TMCP QUÂN ĐỘI – MBBANK,RISK_FRAUD_ANALYST,Analytics,Business / Domain Analysis,Senior,Hà Nội,bank_fintech,2,714,1,0.152333,0.8488
vietnamworks:2059497,Production Admin,Perfetti Van Melle (Viet Nam) Limited,DATA_ANALYST,Analytics,Data Analysis & BI,Mid,Bình Dương,ecommerce,1,525,1,0.150256,0.8807
vietnamworks:2035870,Chuyên Viên Phát Triển Phần Mềm 1C,Công Ty Cổ Phần Chuỗi Thực Phẩm TH,DATA_ENGINEER,Data Engineering,Pipelines & Platform,Mid,Hà Nội,product,3,570,1,0.150095,0.8614
vietnamworks:2065103,Chuyên Viên An Ninh Bảo Mật - Mã Số: Anbm-03,Chi Nhánh Trung Tâm Công Nghệ Thông Tin Tập Đoàn Bảo Việt,RISK_FRAUD_ANALYST,Analytics,Business / Domain Analysis,Mid,Hà Nội,outsourcing,1,560,1,0.14985,0.9916
vietnamworks:2068561,Nhân Viên Kế Hoạch và Dữ Liệu Sản Xuất,Công Ty TNHH VLXD Saint Gobain Bắc Việt Nam,DATA_ANALYST,Analytics,Data Analysis & BI,Mid,Hải Phòng,ecommerce,3,582,1,0.149629,0.9306
vietnamworks:2068196,Chuyên Viên Cao Cấp Kế Hoạch,Công Ty Cổ Phần Chứng Khoán Dầu Khí (Psi),BUSINESS_ANALYST,Analytics,Business / Domain Analysis,Senior,Hà Nội,bank_fintech,2,595,1,0.149541,0.931
vietnamworks:2067231,Chuyên Viên Cao Cấp Thúc Đẩy Kinh Doanh Khách Hàng Cá Nhân,Ngân hàng TMCP Nam Á,BUSINESS_ANALYST,Analytics,Business / Domain Analysis,Senior,Hồ Chí Minh,bank_fintech,0,620,1,0.148445,1.0
vietnamworks:2065645,CHUYÊN VIÊN QUẢN LÝ CHI PHÍ GIÁ CUNG ỨNG,Tập Đoàn Sun Group,RISK_FRAUD_ANALYST,Analytics,Business / Domain Analysis,Manager,,other,1,571,1,0.147583,0.9835
vietnamworks:2061149,"Chuyên viên, Chuyên viên cao cấp mảng Chính sách rủi ro tín dụng - Credit Risk Policy Specialist, Senior Specialist - Khối Quản trị rủi ro",NGÂN HÀNG TMCP QUÂN ĐỘI – MBBANK,RISK_FRAUD_ANALYST,Analytics,Business / Domain Analysis,Senior,Hà Nội,bank_fintech,1,681,1,0.14716,0.9948
vietnamworks:2057673,Senior Business Analyst,Công ty cổ phần Tư vấn Đầu tư và Xây dựng Giao thông Vận tải,BUSINESS_ANALYST,Analytics,Business / Domain Analysis,Senior,Hà Nội,outsourcing,1,577,1,0.146829,0.8772
vietnamworks:2064257,"BA Lead , Lương 35–60M | Dự Án Lớn Tại Viettel",Tổng Công Ty Giải Pháp Doanh Nghiệp Viettel (VTS),BUSINESS_ANALYST,Analytics,Business / Domain Analysis,Manager,Hà Nội,outsourcing,3,633,1,0.146777,0.6992
vietnamworks:2065095,Nhân Viên Theo Dõi & Phân Tích Dữ Liệu,Công Ty TNHH Tamada Việt Nam,DATA_ANALYST,Analytics,Data Analysis & BI,Junior,Hải Phòng,other,2,540,1,0.146177,0.9125
vietnamworks:2068697,Chuyên Viên - Phòng Giám Sát Giao Dịch và Quản Lý Rủi Ro - Risk Management - Khối Vận Hành,NGÂN HÀNG TMCP QUÂN ĐỘI – MBBANK,RISK_FRAUD_ANALYST,Analytics,Business / Domain Analysis,Manager,Hồ Chí Minh,bank_fintech,6,640,1,0.146029,0.6759
glints:63d8cedb-473c-4fb2-b218-ff1ecc4e3389,AI Engineer Executive,Công ty TNHH Reputyze Asia,AI_ENGINEER,AI / Machine Learning,AI / GenAI Engineering,Mid,,outsourcing,5,834,1,0.145827,0.5271
vietnamworks:2066568,Trưởng Phòng Kế Hoạch Sản Xuất,CÔNG TY CỔ PHẦN THIẾT BỊ GIA DỤNG SƠN HÀ BẮC NINH,BUSINESS_ANALYST,Analytics,Business / Domain Analysis,Manager,Bắc Ninh,ecommerce,1,556,1,0.145573,0.9959
vietnamworks:2058848,Chuyên Viên Quản Lý Chất Lượng Dữ Liệu - Data Quality Management Specialist - Khối Dữ Liệu,NGÂN HÀNG TMCP QUÂN ĐỘI – MBBANK,DATA_GOVERNANCE,Governance & Architecture,Governance & Architecture,Manager,Hà Nội,bank_fintech,2,667,1,0.145241,0.8933
vietnamworks:2061119,Trưởng Phòng Tài Chính Upto 40 Triệu,"Công Ty Cổ Phần Sản Xuất Và Xuất Khẩu Quế Hồi Việt Nam (VINA Samex., JSC)",DATA_LEADERSHIP,Data Leadership,Leadership,Manager,Hà Nội,bank_fintech,2,632,1,0.145081,0.8691
vietnamworks:2044561,Chuyên Viên Cao Cấp Chiến Lược CSKH Và Chuyển Đổi Số,BIM Group,BUSINESS_ANALYST,Analytics,Business / Domain Analysis,Senior,Hà Nội,other,1,614,1,0.144763,0.9873
careerviet:35C76EC0,Data Analytics Manager,Công Ty Cổ Phần Tập Đoàn TH,DATA_LEADERSHIP,Data Leadership,Leadership,Manager,Hà Nội,other,11,1565,1,0.144566,0.5052
careerviet:35C79E68,Chuyên viên phần mềm - ứng dụng,CÔNG TY CP TẬP ĐOÀN ĐẦU TƯ HOÀNG GIA VIỆT NAM,BI,Analytics,Data Analysis & BI,Mid,Hồ Chí Minh,product,10,1620,1,0.144488,0.5545
vietnamworks:2066110,Chuyên Viên Phân Tích Nghiệp Vụ - Business Analyst - Khối Công Nghệ Thông Tin,NGÂN HÀNG TMCP QUÂN ĐỘI – MBBANK,BUSINESS_ANALYST,Analytics,Business / Domain Analysis,Mid,Hà Nội,bank_fintech,0,593,1,0.144181,0.9297
vietnamworks:2061932,Chuyên Viên Cao Cấp Vận Hành Thương Hiệu Quốc Tế,Công Ty Cổ Phần Vàng Bạc Đá Quý Phú Nhuận (PNJ),BUSINESS_ANALYST,Analytics,Business / Domain Analysis,Senior,Hồ Chí Minh,ecommerce,2,563,1,0.144103,0.9422
vietnamworks:2063547,Chuyên Viên Phát Triển Khách Hàng Cá Nhân - RB - MSB - 3V027,Ngân Hàng Thương Mại Cổ Phần Hàng Hải Việt Nam (MSB),BUSINESS_ANALYST,Analytics,Business / Domain Analysis,Mid,Hải Phòng,bank_fintech,1,620,1,0.143589,0.9822
vietnamworks:2056495,Chuyên Viên Cao Cấp Quản Lý Năng Suất và Hiệu Quả Hoạt Động NHBL,Ngân Hàng TMCP Quốc Tế Việt Nam (VIB),BUSINESS_ANALYST,Analytics,Business / Domain Analysis,Manager,Hà Nội,bank_fintech,1,632,1,0.14352,0.9768
vietnamworks:2051761,Market Research Manager,Phenikaa Group,BUSINESS_ANALYST,Analytics,Business / Domain Analysis,Manager,Hà Nội,other,2,581,1,0.143427,0.8653
vietnamworks:2060419,Trợ Lý Nhãn Hàng,Công Ty TNHH Thực Phẩm Trung Minh Thành,BUSINESS_ANALYST,Analytics,Business / Domain Analysis,Manager,Hồ Chí Minh,outsourcing,3,627,1,0.143024,0.7523
vietnamworks:2067268,Chuyên Viên Cao Cấp Kinh Doanh Tiếp Thị,ABBANK - Ngân Hàng TMCP An Bình,BUSINESS_ANALYST,Analytics,Business / Domain Analysis,Senior,Hà Nội,bank_fintech,1,598,1,0.143016,0.9913
vietnamworks:2059463,Nhân Viên Phát Triển Hệ Thống Kinh Doanh,Công Ty Cổ Phần ACECOOK Việt Nam,BUSINESS_ANALYST,Analytics,Business / Domain Analysis,Mid,Hồ Chí Minh,product,3,600,1,0.142698,0.847
vietnamworks:2064181,Chuyên viên Mô hình rủi ro - Data Science & Risk Modeling Spealist - Khối Quản trị rủi ro,NGÂN HÀNG TMCP QUÂN ĐỘI – MBBANK,RISK_FRAUD_ANALYST,Analytics,Business / Domain Analysis,Mid,Hà Nội,bank_fintech,4,651,1,0.142425,0.828
vietnamworks:2066944,Chuyên Gia Quản Trị Rủi Ro,MISA Jointstock Company,RISK_FRAUD_ANALYST,Analytics,Business / Domain Analysis,Senior,Hồ Chí Minh,other,0,549,1,0.14222,1.0
vietnamworks:2066682,Chuyên viên cao cấp/Chuyên viên chính phân tích dữ liệu Khách hàng - Khối Ngân hàng Cá nhân,Ngân hàng TMCP Tiên Phong (TPBank),DATA_ANALYST,Analytics,Data Analysis & BI,Senior,Hà Nội,bank_fintech,2,643,1,0.141859,0.9072
topdev:2113418,Finance & Data Specialist,CÔNG TY CỔ PHẦN TRƯỜNG HỌC CÔNG NGHỆ MINDX,DATA_ANALYST,Analytics,Data Analysis & BI,Mid,Hà Nội,bank_fintech,10,1276,1,0.141353,0.5329
vietnamworks:2062119,Trụ Sở Chính - Hà Nội - Tuyển Dụng Nhân Viên Phát Triển và Quản Lý Sản Phẩm,Công Ty Cổ Phần Chứng Khoán Agribank,PRODUCT_ANALYST,Analytics,Business / Domain Analysis,Manager,Hà Nội,bank_fintech,0,587,1,0.141128,0.9014
vietnamworks:2053308,Chuyên Viên Phê Duyệt Tín Dụng Cấp 1-2-3,Ngân hàng Lộc Phát Việt Nam LPBank,RISK_FRAUD_ANALYST,Analytics,Business / Domain Analysis,Mid,Hà Nội,bank_fintech,4,614,1,0.140676,0.8613
careerviet:35C73B86,AI/NLP ENGINEER,CÔNG TY CỔ PHẦN SALE PLUS,CV_NLP,AI / Machine Learning,AI / GenAI Engineering,Mid,Hà Nội,other,7,1529,1,0.140224,0.5098
vietnamworks:2062625,Assembly Line Supervisor,"SVP Vietnam Co.,Ltd",PRODUCT_ANALYST,Analytics,Business / Domain Analysis,Manager,,ecommerce,2,560,1,0.140201,0.9648
vietnamworks:2055342,Trưởng phòng nghiên cứu và phát triển sản phẩm,CÔNG TY CỔ PHẦN TRUNG TÂM HỘI CHỢ TRIỂN LÃM VIỆT NAM,RESEARCH_SCIENTIST,AI / Machine Learning,Data / Decision Science,Manager,Hà Nội,other,1,616,1,0.139594,0.9924
vietnamworks:2059023,Chuyên Viên Phân Tích Khách Hàng Doanh Nghiệp - Business Customer Data Analyst - Khối Dữ Liệu,NGÂN HÀNG TMCP QUÂN ĐỘI – MBBANK,DATA_ANALYST,Analytics,Data Analysis & BI,Mid,Hà Nội,bank_fintech,6,725,1,0.139229,0.5749
vietnamworks:2064779,Kỹ Sư Trí Tuệ Nhân Tạo,Công Ty Cổ Phần Tập Đoàn Hoa Sen,AI_ENGINEER,AI / Machine Learning,AI / GenAI Engineering,Mid,Hồ Chí Minh,other,1,568,1,0.13888,0.6874
vietnamworks:2065798,Senior Business Analyst,Công Ty TNHH Giải Pháp Công Nghệ Cộng,BUSINESS_ANALYST,Analytics,Business / Domain Analysis,Senior,Hà Nội,outsourcing,2,594,1,0.138771,0.7194
vietnamworks:2057655,Chuyên Viên Phân Tích Nghiệp Vụ,Công ty Cổ phần Chứng khoán An Bình,BUSINESS_ANALYST,Analytics,Business / Domain Analysis,Mid,Hà Nội,bank_fintech,0,567,1,0.138712,1.0
vietnamworks:2062023,Chuyên Viên Quản Lý Dự Án,Công Ty Cổ Phần HTC Viễn Thông Quốc Tế,DATA_GOVERNANCE,Governance & Architecture,Governance & Architecture,Manager,Hà Nội,bank_fintech,1,628,1,0.138459,0.9371
vietnamworks:2049994,Giám Đốc Kinh Doanh | Sales Director | Thu Nhập Up To 2500$,Công Ty CP Tập Đoàn Vinatech Việt Nam,DATA_LEADERSHIP,Data Leadership,Leadership,Manager,Hà Nội,other,0,578,1,0.138444,0.9042
topdev:2109213,CVCC Data Architect 2026,Ngân hàng TMCP Công Thương Việt Nam (Vietinbank),DATA_ARCHITECT,Governance & Architecture,Governance & Architecture,Mid,Hà Nội,bank_fintech,12,1633,1,0.138111,0.6062
vietnamworks:2056816,Chuyên Gia Quản Lý Hiệu Suất Kinh Doanh - Khối Bán Lẻ,Ngân Hàng Thương Mại Cổ Phần Thịnh Vượng Và Phát Triển (PGBANK),BUSINESS_ANALYST,Analytics,Business / Domain Analysis,Manager,Hà Nội,bank_fintech,2,590,1,0.13796,0.9262
vietnamworks:2062359,Chuyên Gia Xây Dựng Mô Hình Rủi Ro - Id458,VPBank - Https://tuyendung.vpbank.com.vn/,RISK_FRAUD_ANALYST,Analytics,Business / Domain Analysis,Senior,Hồ Chí Minh,bank_fintech,2,609,1,0.137955,0.9582
vietnamworks:2067971,Chuyên Gia/Chuyên Viên Business Analyst,Công Ty Cổ Phần Chứng Khoán Agribank,BUSINESS_ANALYST,Analytics,Business / Domain Analysis,Senior,Hà Nội,bank_fintech,0,568,1,0.137435,0.7792
vietnamworks:2060014,Tuyển Dụng: Chuyên Viên Giám Định Bồi Thường Xe Cơ Giới,Công ty cổ phần Tập đoàn Bảo hiểm DBV,RISK_FRAUD_ANALYST,Analytics,Business / Domain Analysis,Mid,Hà Nội,bank_fintech,1,616,1,0.137108,0.9767
vietnamworks:2059090,Product Owner,Techcombank,PRODUCT_ANALYST,Analytics,Business / Domain Analysis,Mid,Hà Nội,bank_fintech,1,572,1,0.137033,0.9424
vietnamworks:2061155,"Chuyên viên, Chuyên viên cao cấp Xây dựng Mô hình rủi ro - Risk Modeling Specialist, Senior Specialist - Khối Quản trị rủi ro",NGÂN HÀNG TMCP QUÂN ĐỘI – MBBANK,RISK_FRAUD_ANALYST,Analytics,Business / Domain Analysis,Senior,Hà Nội,bank_fintech,1,652,1,0.136725,0.9721
vietnamworks:2060633,Chuyên Viên Chiến Lược Phát Triển,Stavian Group,BUSINESS_ANALYST,Analytics,Business / Domain Analysis,Mid,Hà Nội,other,2,559,1,0.136604,0.9712
vietnamworks:2065113,Chuyên Viên Bảo Mật Dữ Liệu - Mã Số: Anbm-02,Chi Nhánh Trung Tâm Công Nghệ Thông Tin Tập Đoàn Bảo Việt,DATA_GOVERNANCE,Governance & Architecture,Governance & Architecture,Mid,Hà Nội,other,2,607,1,0.136466,0.9243
vietnamworks:2065112,Chuyên Viên Phân Tích Nghiệp Vụ - Mã Số: Qldv-01,Chi Nhánh Trung Tâm Công Nghệ Thông Tin Tập Đoàn Bảo Việt,BUSINESS_ANALYST,Analytics,Business / Domain Analysis,Mid,Hà Nội,outsourcing,3,592,1,0.136072,0.9266
vietnamworks:2059019,Chuyên Viên Cao Cấp - Phòng Tài Chính - Khối Tài Chính Kế Toán,NGÂN HÀNG TMCP QUÂN ĐỘI – MBBANK,BUSINESS_ANALYST,Analytics,Business / Domain Analysis,Senior,Hà Nội,bank_fintech,3,657,1,0.135496,0.8147
vietnamworks:2044576,Chuyên Gia Chiến Lược Rủi Ro - Id2201,VPBank - Https://tuyendung.vpbank.com.vn/,RISK_FRAUD_ANALYST,Analytics,Business / Domain Analysis,Senior,Hà Nội,bank_fintech,1,596,1,0.135464,0.9952
vietnamworks:2063819,Chuyên Viên Phát Triển Tổ Chức & Quản Trị Hiệu Suất,Công Ty CP Tập Đoàn Everland,BUSINESS_ANALYST,Analytics,Business / Domain Analysis,Mid,Hà Nội,other,1,600,1,0.134931,0.9306
vietnamworks:2052593,Chuyên Viên Phát Triển Sản Phẩm và Dịch Vụ Viễn Thông,Công Ty Cổ Phần HTC Viễn Thông Quốc Tế,PRODUCT_ANALYST,Analytics,Business / Domain Analysis,Mid,Hà Nội,ecommerce,1,622,1,0.134793,0.9386
vietnamworks:2063584,Chuyên Gia Hoạch Định Chiến Lược - Phòng Quản Lý Chiến Lược - Khối Chiến Lược,Ngân Hàng TMCP Đại Chúng Việt Nam,BUSINESS_ANALYST,Analytics,Business / Domain Analysis,Manager,Hà Nội,bank_fintech,0,643,1,0.134578,1.0
vietnamworks:2065373,Trưởng Phòng Công Nghệ Thông Tin,Công Ty Cổ Phần Địa ốc Tsan Group,DATA_GOVERNANCE,Governance & Architecture,Governance & Architecture,Manager,Hà Nội,outsourcing,1,607,1,0.134548,0.8874
careerviet:35C77DD8,Chuyên viên/Chuyên viên CC DE,Công ty Cổ phần Chứng khoán Sài Gòn - Hà Nội,DATA_ENGINEER,Data Engineering,Pipelines & Platform,Mid,Hà Nội,bank_fintech,24,2818,1,0.134425,0.525
vietnamworks:2058856,Chuyên Viên Cao Cấp Kiến Trúc Giải Pháp Dữ Liệu - Data Architect - Khối Dữ Liệu,NGÂN HÀNG TMCP QUÂN ĐỘI – MBBANK,DATA_ARCHITECT,Governance & Architecture,Governance & Architecture,Senior,Hà Nội,bank_fintech,6,685,1,0.134395,0.7369
vietnamworks:2065097,Chuyên Viên Quản Trị Cơ Sở Dữ Liệu và Ứng Dụng CNTT - Mã Số: Vhqt-01,Chi Nhánh Trung Tâm Công Nghệ Thông Tin Tập Đoàn Bảo Việt,DBA_DATABASE,Data Engineering,Database / DBA,Mid,Hà Nội,product,4,639,1,0.133545,0.7591
vietnamworks:2041233,Finance Business Analyst Manager - ID4156,VPBank - Https://tuyendung.vpbank.com.vn/,BUSINESS_ANALYST,Analytics,Business / Domain Analysis,Manager,Hà Nội,bank_fintech,0,540,1,0.133248,0.8355
vietnamworks:2062059,Nhân Viên Vận Hành Sàn Thương Mại Điện Tử - E-Commerce Amazon/Ebay/Walmart/Lương Cao/Hồ Chí Minh,CÔNG TY TNHH DUDU VIỆT NAM,BUSINESS_ANALYST,Analytics,Business / Domain Analysis,Mid,Hồ Chí Minh,ecommerce,2,660,1,0.133072,0.9289
careerviet:35C7A73D,Process Engineering Coordinator / Analyst,Quickpack Vietnam Limited,BUSINESS_ANALYST,Analytics,Business / Domain Analysis,Mid,,other,5,5111,1,0.132842,0.5143
vietnamworks:2050484,Nhân Viên Nghiệp Vụ Hệ Thống Phần Mềm,Công Ty TNHH MTV Logistics Viettel,BUSINESS_ANALYST,Analytics,Business / Domain Analysis,Mid,Hà Nội,ecommerce,0,628,1,0.132804,0.9956
vietnamworks:2036082,Trưởng Phòng/ Chuyên Gia/chuyên Gia Cao Cấp Quản Trị Hiệu Suất Kinh Doanh,Công Ty Cổ Phần Tập Đoàn Đầu Tư I.P.A,BUSINESS_ANALYST,Analytics,Business / Domain Analysis,Manager,Hà Nội,other,6,685,1,0.132735,0.6506
topdev:2112528,Trưởng Nhóm Chiến Lược Tại UpBase,CÔNG TY CỔ PHẦN CÔNG NGHỆ UPBASE,BUSINESS_ANALYST,Analytics,Business / Domain Analysis,Lead,Hà Nội,outsourcing,5,1204,1,0.132689,0.6205
vietnamworks:2068564,Nhân Viên Kế Hoạch Sản Xuất,Công Ty Cổ Phần Prime Group,BUSINESS_ANALYST,Analytics,Business / Domain Analysis,Mid,Vĩnh Phúc,ecommerce,3,588,1,0.132605,0.7498
vietnamworks:2056157,Chuyên Viên Cao Cấp Phân Tích Chiến Lược Thị Trường / Senior Market Strategy Analyst,Navigos Search,BUSINESS_ANALYST,Analytics,Business / Domain Analysis,Senior,Hồ Chí Minh,bank_fintech,1,638,1,0.132383,0.8975
careerviet:35C71798,Senior AI Engineer,CÔNG TY CỔ PHẦN DƯỢC PHẨM FPT LONG CHÂU,AI_ENGINEER,AI / Machine Learning,AI / GenAI Engineering,Senior,Hồ Chí Minh,ecommerce,6,1598,1,0.132133,0.4666
vietnamworks:2064908,Chuyên Viên Kiểm Soát Kế Hoạch Tập Đoàn,Công Ty CP Tập Đoàn Everland,BUSINESS_ANALYST,Analytics,Business / Domain Analysis,Mid,Hà Nội,other,2,592,1,0.13197,0.9292
vietnamworks:2067648,BUSINESS MATCHING CONSULTANT JLPT N1/N2,"One-Value Vietnam Co., Ltd.",BUSINESS_ANALYST,Analytics,Business / Domain Analysis,Mid,Hà Nội,outsourcing,0,590,1,0.131598,0.9252
vietnamworks:2063597,Chuyên Viên Doanh Thu Phụ Trợ - Ancillary Executive,Vietjet Air,BUSINESS_ANALYST,Analytics,Business / Domain Analysis,Mid,Hồ Chí Minh,ecommerce,2,628,1,0.131249,0.7708
glints:3a16d9d2-33a8-481a-ad6d-7998acc693c3,Data Engineer,Công ty TNHH Công nghệ và Thương mại Lifesup,DATA_ENGINEER,Data Engineering,Pipelines & Platform,Mid,,other,14,1489,1,0.131068,0.6025
vietnamworks:2059987,Chuyên Viên Kinh Doanh Cấp Cao - Ngành Hàng Hóa Phẩm,Wilmar Clv,PRODUCT_ANALYST,Analytics,Business / Domain Analysis,Mid,Hồ Chí Minh,other,1,638,1,0.130784,0.8588
vietnamworks:2067184,Chuyên Viên Phân Tích Tài Chính,Hệ thống Kính mắt Anna,RISK_FRAUD_ANALYST,Analytics,Business / Domain Analysis,Mid,Hà Nội,bank_fintech,2,598,1,0.130194,0.8292
vietnamworks:2060032,Kỹ Sư Phát Triển Phần Mềm AI Cho Thiết Bị Thông Minh,Công Ty Cổ Phần Công Nghệ Công Nghiệp Bưu Chính Viễn Thông - VNPT Technology,AI_ENGINEER,AI / Machine Learning,AI / GenAI Engineering,Mid,Hà Nội,ecommerce,4,641,1,0.129402,0.5401
vietnamworks:2057597,Chuyên Viên Vận Hành Hệ Thống,Công Ty Cổ Phần Chứng Khoán KB Việt Nam,DATA_ANALYST,Analytics,Data Analysis & BI,Mid,Hà Nội,bank_fintech,3,581,1,0.128404,0.9062
vietnamworks:2064183,"Chuyên viên cao cấp, Chuyên gia Kiểm định Mô hình kinh doanh - Senior Business Model Validation Analyst - Khối Dữ liệu",NGÂN HÀNG TMCP QUÂN ĐỘI – MBBANK,BUSINESS_ANALYST,Analytics,Business / Domain Analysis,Senior,Hà Nội,bank_fintech,6,719,1,0.127595,0.5857
vietnamworks:2057705,CV/CVC/CVCC Kỹ Thuật Dữ Liệu,Ngân hàng Lộc Phát Việt Nam LPBank,DATA_ARCHITECT,Governance & Architecture,Governance & Architecture,Mid,Hà Nội,bank_fintech,4,595,1,0.127054,0.8333
vietnamworks:2062909,Giám Đốc Trí Tuệ Nhân Tạo,Công Ty Cổ Phần Tập Đoàn Hoa Sen,DATA_LEADERSHIP,Data Leadership,Leadership,Manager,Hồ Chí Minh,ecommerce,2,545,1,0.125976,0.6746
vietnamworks:2058854,Kỹ Sư Dữ Liệu - Data Engineer - Khối Dữ Liệu,NGÂN HÀNG TMCP QUÂN ĐỘI – MBBANK,DATA_ENGINEER,Data Engineering,Pipelines & Platform,Mid,Hà Nội,bank_fintech,2,632,1,0.125614,0.7696
vietnamworks:2067784,Phó Trưởng Phòng Phân Tích Nghiệp Vụ,Công Ty Dịch Vụ Số Bưu Điện – Tổng Công Ty Bưu Điện Việt Nam,BUSINESS_ANALYST,Analytics,Business / Domain Analysis,Manager,Hà Nội,other,0,524,1,0.125469,1.0
vietnamworks:2062281,Chuyên Viên Cao Cấp Phát Triển Sản Phẩm,Công ty Cổ phần Tập đoàn Golden Gate,PRODUCT_ANALYST,Analytics,Business / Domain Analysis,Senior,Hà Nội,ecommerce,0,527,1,0.125129,1.0
careerviet:35C78BB8,Kỹ Sư Dữ liệu,Phu Hung Assurance Corporation,DATA_ENGINEER,Data Engineering,Pipelines & Platform,Mid,Hồ Chí Minh,product,16,4259,1,0.124108,0.3807
glints:dad65f5e-1454-486f-9566-f08dad89580f,AUDIT ADMIN - ADMIN CHUYÊN XỬ LÝ DỮ,"OUTSOURCE SOLUTIONS CO.,LTD",DATA_ANALYST,Analytics,Data Analysis & BI,Mid,,outsourcing,7,895,1,0.124081,0.6462
vietnamworks:2065270,Chuyên Viên Quản Trị Rủi Ro,Công Ty CP Nhựa Thiếu Niên Tiền Phong,RISK_FRAUD_ANALYST,Analytics,Business / Domain Analysis,Mid,Hải Phòng,bank_fintech,1,518,1,0.124013,0.9707
vietnamworks:2067415,Sinh Viên Tài Năng Khối Quản Lý Rủi Ro,Ngân Hàng TMCP Ngoại Thương Việt Nam - Vietcombank,RISK_FRAUD_ANALYST,Analytics,Business / Domain Analysis,Intern,Hồ Chí Minh,bank_fintech,0,320,1,0.123979,1.0
vietnamworks:2054962,Chuyên Viên Triển Khai Và Quản Trị Dữ Liệu,Công Ty TNHH Alpha Plus,DATA_GOVERNANCE,Governance & Architecture,Governance & Architecture,Mid,Hồ Chí Minh,product,2,586,1,0.123652,0.7184
vietnamworks:2058851,Chuyên Viên Phân Tích và Thiết Kế Mô Hình Dữ Liệu - Data Analyst - Khối Dữ Liệu,NGÂN HÀNG TMCP QUÂN ĐỘI – MBBANK,DATA_ANALYST,Analytics,Data Analysis & BI,Mid,Hà Nội,bank_fintech,3,655,1,0.123267,0.7325
vietnamworks:2058175,Chuyên Viên Phân Tích Dữ Liệu,Công Ty TNHH Bán Lẻ Fujimart Việt Nam,DATA_ANALYST,Analytics,Data Analysis & BI,Mid,Hà Nội,ecommerce,2,581,1,0.121856,0.8731
vietnamworks:2067749,CVC Quản Lý Hiệu Suất Ngân Hàng Định Chế Tài Chính - QLTC - MSB - 3K050,Ngân Hàng Thương Mại Cổ Phần Hàng Hải Việt Nam (MSB),BUSINESS_ANALYST,Analytics,Business / Domain Analysis,Manager,Hà Nội,bank_fintech,2,606,1,0.121585,0.911
vietnamworks:2056077,Product Operation Specialist,Công Ty TNHH Công Nghệ Tài Chính New Asia,PRODUCT_ANALYST,Analytics,Business / Domain Analysis,Mid,Hồ Chí Minh,bank_fintech,2,662,1,0.121137,0.6173
vietnamworks:2058853,Chuyên Viên Cao Cấp Khoa Học Dữ Liệu - Data Scientist - Khối Dữ Liệu,NGÂN HÀNG TMCP QUÂN ĐỘI – MBBANK,DATA_SCIENTIST,AI / Machine Learning,Data / Decision Science,Senior,Hà Nội,bank_fintech,6,685,1,0.120146,0.6114
vietnamworks:2067685,Chuyên Viên/ Chuyên Gia ERP Oracle,Công Ty Cổ Phần Tập Đoàn Hoa Sen,DBA_DATABASE,Data Engineering,Database / DBA,Senior,Hồ Chí Minh,other,2,581,1,0.119294,0.8628
vietnamworks:2066411,Chuyên Viên Cấp Cao Kế Hoạch,CÔNG TY CỔ PHẦN CAPELLA GROUP,BUSINESS_ANALYST,Analytics,Business / Domain Analysis,Senior,Hà Nội,other,0,581,1,0.119196,1.0
vietnamworks:2066686,_Chuyên Viên Kiểm Định Mô Hình Rủi Ro Tín Dụng,Ngân Hàng TMCP Ngoại Thương Việt Nam - Vietcombank,RISK_FRAUD_ANALYST,Analytics,Business / Domain Analysis,Mid,Hà Nội,bank_fintech,3,366,1,0.118849,0.7702
vietnamworks:2041183,Chuyên Viên Chính/ Trưởng Phòng Chăm Sóc Khách Hàng - Customer Service Manager,Công Ty TNHH Nhà Nước Một Thành Viên Thương Mại Và Xuất Nhập Khẩu Viettel,BUSINESS_ANALYST,Analytics,Business / Domain Analysis,Manager,Hà Nội,outsourcing,1,641,1,0.118593,0.8804
vietnamworks:2038765,Chuyên Viên Quản Lý Hiệu Quả Kinh Doanh,Công Ty TNHH Chứng Khoán ACB,BUSINESS_ANALYST,Analytics,Business / Domain Analysis,Manager,Hồ Chí Minh,bank_fintech,2,655,1,0.118202,0.865
vietnamworks:2049733,Chuyên Viên Kế Hoạch Sản Xuất Kinh Doanh,Công Ty Cổ Phần Tập Đoàn An Phát Holdings,BUSINESS_ANALYST,Analytics,Business / Domain Analysis,Mid,Hà Nội,ecommerce,2,589,1,0.117987,0.9509
vietnamworks:2047565,PHÓ PHÒNG KẾ HOẠCH SẢN XUẤT,Công Ty Cổ Phần Thép Việt Xô Hà Nội,BUSINESS_ANALYST,Analytics,Business / Domain Analysis,Manager,Hà Nội,ecommerce,1,571,1,0.11797,0.9779
vietnamworks:2056628,Business Analyst Lead,CÔNG TY CỔ PHẦN SYNODUS,BUSINESS_ANALYST,Analytics,Business / Domain Analysis,Lead,Hà Nội,outsourcing,0,541,1,0.117283,0.7486
vietnamworks:2062926,Chuyên viên Quản lý Dữ liệu Sản phẩm,Công ty Cổ phần Tập đoàn Golden Gate,DATA_ENGINEER,Data Engineering,Pipelines & Platform,Manager,Hà Nội,ecommerce,2,581,1,0.117257,0.7666
vietnamworks:2056186,Production Planning Executive – Ceramics,VIETNAM HOUSEWARES CORP,PRODUCT_ANALYST,Analytics,Business / Domain Analysis,Mid,Bình Dương,ecommerce,1,696,1,0.117093,0.6767
vietnamworks:2058479,Business Analyst Leader,CMC Cyber Security,BUSINESS_ANALYST,Analytics,Business / Domain Analysis,Manager,Hà Nội,ecommerce,1,566,1,0.116621,0.8514
vietnamworks:2064238,Route To Market Executive,VIFON,BUSINESS_ANALYST,Analytics,Business / Domain Analysis,Mid,Hồ Chí Minh,other,1,588,1,0.116575,0.8028
careerviet:35C750D8,Data Engineer - ISC,CÔNG TY CỔ PHẦN DƯỢC PHẨM FPT LONG CHÂU,DATA_ENGINEER,Data Engineering,Pipelines & Platform,Mid,Hồ Chí Minh,ecommerce,15,1418,1,0.116264,0.5542
vietnamworks:2066050,Trưởng Nhóm R&D,Xuân Cầu Holdings,DATA_ANALYST,Analytics,Data Analysis & BI,Lead,Hà Nội,other,1,544,1,0.116067,0.9221
vietnamworks:2065335,Chuyên Viên Quản Trị Cơ Sở Dữ Liệu DBA,Tổng Công Ty Bưu Điện Việt Nam - VIETNAMPOST,DBA_DATABASE,Data Engineering,Database / DBA,Mid,Hà Nội,other,3,559,1,0.115733,0.8716
vietnamworks:2059919,Chuyên Viên Phân Tích Dữ Liệu Kinh Doanh,Công Ty CP Dây Cáp Điện Việt Nam - Cadivi,DATA_ANALYST,Analytics,Data Analysis & BI,Mid,Hồ Chí Minh,ecommerce,3,609,1,0.114208,0.6916
vietnamworks:2068693,Chuyên Viên Quản Trị Hiệu Quả & Danh Mục SME - Khối Khách Hàng Vừa và Nhỏ,NGÂN HÀNG TMCP QUÂN ĐỘI – MBBANK,BUSINESS_ANALYST,Analytics,Business / Domain Analysis,Mid,Hà Nội,bank_fintech,2,633,1,0.113558,0.8648
vietnamworks:2058670,Trưởng Phòng Kinh Doanh Kênh MT,Công ty TNHH XNK Bepos Việt Nam,BUSINESS_ANALYST,Analytics,Business / Domain Analysis,Manager,Hà Nội,ecommerce,1,586,1,0.113547,0.8657
vietnamworks:2059576,Finance Business Analyst Leader,Công Ty Cổ Phần Dịch Vụ Thương Mại Tổng Hợp Wincommerce - Thành Viên Tập Đoàn Masan,BUSINESS_ANALYST,Analytics,Business / Domain Analysis,Manager,Hà Nội,bank_fintech,0,578,1,0.113412,0.8056
vietnamworks:2035675,Nhân Viên Chất Lượng Bộ Phận Sản Xuất - PP,Công Ty TNHH Taishodo Việt Nam,DATA_ANALYST,Analytics,Data Analysis & BI,Mid,,ecommerce,2,558,1,0.113268,0.8382
vietnamworks:2060209,Business Analyst,Tasco Joint Stock Company,BUSINESS_ANALYST,Analytics,Business / Domain Analysis,Mid,Hà Nội,other,0,554,1,0.113017,0.7957
vietnamworks:2056391,Giám Đốc Quản Lý Chất Lượng,CÔNG TY TNHH Q P (VIỆT NAM),DATA_GOVERNANCE,Governance & Architecture,Governance & Architecture,Manager,,ecommerce,1,582,1,0.112061,0.9653
vietnamworks:2056333,Chuyên Viên Quản Lý Hiệu Suất,Tổng Công Ty CP Bưu Chính Viettel,BUSINESS_ANALYST,Analytics,Business / Domain Analysis,Manager,Hà Nội,other,1,551,1,0.109931,0.9381
careerviet:35C779C9,Kỹ sư dữ liệu AI (Data Engineer,CÔNG TY LIÊN DOANH VẬN CHUYỂN QUỐC TẾ HẢI VÂN,DATA_ENGINEER,Data Engineering,Pipelines & Platform,Mid,Hà Nội,other,18,1565,1,0.109312,0.4134
vietnamworks:2066696,Tổ Trưởng Kỹ Thuật,Công Ty Cổ Phần Sữa Việt Nam (Vinamilk),DATA_ENGINEER,Data Engineering,Pipelines & Platform,Mid,,other,0,607,1,0.108732,1.0
vietnamworks:2058847,Chuyên Viên Cao Cấp Bảo Mật Dữ Liệu - Khối Dữ Liệu - Senior Data Security - Data Division,NGÂN HÀNG TMCP QUÂN ĐỘI – MBBANK,DATA_GOVERNANCE,Governance & Architecture,Governance & Architecture,Senior,Hà Nội,bank_fintech,1,668,1,0.10837,0.8364
vietnamworks:2065823,Chuyên Viên ERP,Công Ty Cổ Phần Tập Đoàn Sunhouse,DATA_ENGINEER,Data Engineering,Pipelines & Platform,Mid,Hà Nội,product,4,663,1,0.108215,0.5648
vietnamworks:2061678,Machine Vision Engineer,Công Ty TNHH Standard Units Supply Việt Nam,CV_NLP,AI / Machine Learning,AI / GenAI Engineering,Mid,Hải Phòng,outsourcing,0,590,1,0.107853,0.7116
vietnamworks:2066633,Kỹ Sư Nền Tảng Dữ Liệu Lớn - Khối Công Nghệ Thông Tin,Ngân hàng TMCP Tiên Phong (TPBank),DATA_ENGINEER,Data Engineering,Pipelines & Platform,Mid,Hà Nội,bank_fintech,4,742,1,0.107743,0.6495
glints:d1eaf0b8-afa6-4613-8358-8ed81db0ced7,Chuyên Viên Phân Tích Thống Kê,CHI NHÁNH CÔNG TY TNHH TP THÁI SƠN KHO HÀNG NGUYỄN THÁI BÌNH,BI,Analytics,Data Analysis & BI,Mid,,other,2,451,1,0.107472,0.8948
vietnamworks:2056726,Chuyên Viên Phân Tích Nghiệp Vụ,Bệnh Viện Da Liễu Trung Ương,BUSINESS_ANALYST,Analytics,Business / Domain Analysis,Lead,Hà Nội,product,0,559,1,0.106559,0.772
vietnamworks:2068685,Chuyên Gia Phân Tích Dữ Liệu và Xây Dựng Mô Hình Phát Hiện Gian Lận - Khối Quản Trị Rủi Ro,NGÂN HÀNG TMCP QUÂN ĐỘI – MBBANK,DATA_ANALYST,Analytics,Data Analysis & BI,Senior,Hà Nội,bank_fintech,6,762,1,0.106274,0.5248
vietnamworks:2058849,Chuyên Viên Báo Cáo Tuân Thủ - Compliance Reporting Officer - Khối Dữ Liệu,NGÂN HÀNG TMCP QUÂN ĐỘI – MBBANK,BI,Analytics,Data Analysis & BI,Mid,Hà Nội,bank_fintech,6,634,1,0.10157,0.5459
vietnamworks:2038862,Nhân Viên IT,Công Ty TNHH Dainese Việt Nam,BUSINESS_ANALYST,Analytics,Business / Domain Analysis,Mid,,product,1,618,1,0.101158,0.593
vietnamworks:2055502,Chuyên Viên Tích Hợp Nền Tảng Dữ Liệu,Ngân Hàng TMCP Ngoại Thương Việt Nam - Vietcombank,DATA_ENGINEER,Data Engineering,Pipelines & Platform,Mid,Hà Nội,bank_fintech,2,336,1,0.100543,0.7001
vietnamworks:2067843,Nhân Viên Data,Công Ty Cổ Phần Thực Phẩm Hữu Nghị,DATA_ANALYST,Analytics,Data Analysis & BI,Mid,Bắc Ninh,ecommerce,3,497,1,0.099974,0.6836
vietnamworks:2043283,AI Solution Engineer,TTT Corporation,AI_ENGINEER,AI / Machine Learning,AI / GenAI Engineering,Mid,Hồ Chí Minh,outsourcing,3,674,1,0.099851,0.5767
careerviet:35C746D5,CVC Quản Trị Hệ Thống / System Administration,CÔNG TY TÀI CHÍNH TÍN DỤNG TIÊU DÙNG TNHH MTV AEON,DBA_DATABASE,Data Engineering,Database / DBA,Mid,Hà Nội,bank_fintech,6,2722,1,0.099539,0.5398
vietnamworks:2065106,Nhân Viên Trade Marketing,Công Ty TNHH Dược Phẩm Ích Nhân,BUSINESS_ANALYST,Analytics,Business / Domain Analysis,Mid,Hà Nội,other,1,595,1,0.099257,0.8756
vietnamworks:2039989,Senior Data Analyst,Công Ty Cổ Phần Chứng Khoán SSI,DATA_ANALYST,Analytics,Data Analysis & BI,Senior,Hà Nội,bank_fintech,5,629,1,0.099122,0.4835
vietnamworks:2059188,Promotion Strategy & Analytics Manager,GSM,BUSINESS_ANALYST,Analytics,Business / Domain Analysis,Manager,Hồ Chí Minh,product,4,711,1,0.098546,0.5488
vietnamworks:2060767,Chuyên Viên Phân Tích Nghiệp Vụ IT,Công Ty TNHH Chứng Khoán NH Việt Nam,BUSINESS_ANALYST,Analytics,Business / Domain Analysis,Mid,Hà Nội,bank_fintech,0,546,1,0.098136,1.0
vietnamworks:2060695,Chuyên Viên Phân Tích và Thiết Kế Hệ Thống,Tổng Công Ty CP Bảo Hiểm Toàn Cầu (GIC),BUSINESS_ANALYST,Analytics,Business / Domain Analysis,Senior,Hồ Chí Minh,bank_fintech,3,670,1,0.098114,0.6305
vietnamworks:2063904,Chuyên Viên Cao Cấp - Dự Báo,Công Ty Cổ Phần Vàng Bạc Đá Quý Phú Nhuận (PNJ),DATA_SCIENTIST,AI / Machine Learning,Data / Decision Science,Senior,Hồ Chí Minh,other,3,532,1,0.096966,0.5697
vietnamworks:2066752,Phó Giám Đốc Ban Vận Hành,Tổng Công Ty CP Bảo Hiểm Toàn Cầu (GIC),DATA_LEADERSHIP,Data Leadership,Leadership,Manager,Hồ Chí Minh,bank_fintech,2,573,1,0.096073,0.8522
vietnamworks:2043972,ERP Analyst,CÔNG TY TNHH THƯƠNG MẠI ĐIỆN TỬ 3T,DATA_ANALYST,Analytics,Data Analysis & BI,Mid,Hồ Chí Minh,ecommerce,2,533,1,0.09516,0.7311
vietnamworks:2057708,CVC/CVCC Vận Hành Cơ Sở Dữ Liệu,Ngân hàng Lộc Phát Việt Nam LPBank,DBA_DATABASE,Data Engineering,Database / DBA,Mid,Hồ Chí Minh,bank_fintech,7,685,1,0.094567,0.578
vietnamworks:2064429,Chuyên viên cao cấp - Phân Tích Dữ Liệu & Chính Sách Giá,Công Ty Cổ Phần Vàng Bạc Đá Quý Phú Nhuận (PNJ),DATA_ANALYST,Analytics,Data Analysis & BI,Senior,,ecommerce,1,717,1,0.094078,0.7627
vietnamworks:2060985,Chuyên Viên Khoa Học Dữ Liệu,Công Ty Cổ Phần Chứng Khoán MB,DATA_SCIENTIST,AI / Machine Learning,Data / Decision Science,Mid,Hà Nội,bank_fintech,1,603,1,0.093705,0.6078
vietnamworks:2067246,HR Data Analyst,Công Ty Cổ Phần Nhựa Tái Chế Duy Tân,DATA_ANALYST,Analytics,Data Analysis & BI,Mid,,other,4,593,1,0.092746,0.4847
vietnamworks:2063016,ECOMMERCE & KOL MARKETING MANAGER,Navigos Search,BUSINESS_ANALYST,Analytics,Business / Domain Analysis,Manager,Hồ Chí Minh,ecommerce,1,661,1,0.09039,0.7202
vietnamworks:2050345,AI Application Developer | E-Commerce App Developer,Công Ty Cổ Phần Green Leaf Holding,AI_ENGINEER,AI / Machine Learning,AI / GenAI Engineering,Mid,Hà Nội,ecommerce,4,707,1,0.090278,0.5707
vietnamworks:2039022,Nhân Viên Phân Tích Nghiệp Vụ,Công Ty TNHH Chứng Khoán ACB,BUSINESS_ANALYST,Analytics,Business / Domain Analysis,Mid,Hồ Chí Minh,bank_fintech,0,280,1,0.089088,1.0
vietnamworks:2065404,Data Engineer,Tasco Joint Stock Company,DATA_ENGINEER,Data Engineering,Pipelines & Platform,Mid,Hà Nội,other,5,587,1,0.089073,0.5422
vietnamworks:2056241,Sale Admin,Navigos Search's Client,DATA_ANALYST,Analytics,Data Analysis & BI,Mid,Hà Nội,other,2,294,1,0.088078,0.7823
careerviet:35C7A999,MLOps Engineer - Kỹ Sư Vận Hành Và Tích Hợp Mô Hình AI,CÔNG TY CỔ PHẦN DƯỢC PHẨM FPT LONG CHÂU,MLOPS,AI / Machine Learning,ML Engineering,Mid,Hồ Chí Minh,other,3,996,1,0.087512,0.4569
vietnamworks:2055036,Chuyên Viên Cao Cấp Tối Ưu Vận Hành - Senior Business Analyst,GSM,BUSINESS_ANALYST,Analytics,Business / Domain Analysis,Senior,Hà Nội,bank_fintech,4,655,1,0.086373,0.4264
vietnamworks:2066630,VNDIRECT - Chuyên Viên Cao Cấp/ Chuyên Gia Quản Trị Dữ Liệu MIS & Hiệu Suất Kinh Doanh Bộ Phận Bfm,Công Ty Cổ Phần Tập Đoàn Đầu Tư I.P.A,DATA_GOVERNANCE,Governance & Architecture,Governance & Architecture,Senior,Hà Nội,bank_fintech,3,685,1,0.081636,0.6319
vietnamworks:2064368,Chuyên Viên Tối Ưu Thiết Kế Hạ Tầng Cloud,Công Ty Cổ Phần Sunteco,DATA_ENGINEER,Data Engineering,Pipelines & Platform,Mid,Hà Nội,product,4,715,1,0.081474,0.624
vietnamworks:2044459,Chuyên gia Dữ liệu & Trí tuệ nhân tạo,Công Ty Cổ Phần Tập Đoàn Masterise,DATA_ARCHITECT,Governance & Architecture,Governance & Architecture,Senior,Hà Nội,product,2,750,1,0.075938,0.5341
vietnamworks:2066070,内控管理岗/ Quản Lý Kiểm Soát Nội Bộ - Lương 20-50Tr - Biết Tiếng Trung,Ngân Hàng Industrial And Commercial BANK Of China Limited- CN Tp Hà Nội,RISK_FRAUD_ANALYST,Analytics,Business / Domain Analysis,Manager,Hà Nội,bank_fintech,2,459,1,0.071449,0.5814
vietnamworks:2066071,风险管理岗/ Quản Lý Rủi Ro / Risk Management - Biết Tiếng Trung,Ngân Hàng Industrial And Commercial BANK Of China Limited- CN Tp Hà Nội,RISK_FRAUD_ANALYST,Analytics,Business / Domain Analysis,Manager,Hà Nội,bank_fintech,1,502,1,0.060216,0.653
careerviet:35C72622,Chuyên viên cấp cao/Chuyên gia Phòng Quản trị Mô hình và Danh mục - Khối Quản trị rủi ro,Ngân Hàng TMCP Quốc Dân (NCB),RISK_FRAUD_ANALYST,Analytics,Business / Domain Analysis,Senior,Hà Nội,bank_fintech,7,173,1,0.059002,0.3644
topdev:2105304,Chuyên Viên Phân Tích Nghiệp Vụ,CÔNG TY TNHH FETEK VIỆT NAM,BUSINESS_ANALYST,Analytics,Business / Domain Analysis,Mid,Hà Nội,bank_fintech,4,498,1,0.05716,0.3141
itviec:f190c56b-14c0-446b-a2b7-111a497104c5,AI Engineer,Mcredit - Công ty Tài chính TNHH MB Shinsei,AI_ENGINEER,AI / Machine Learning,AI / GenAI Engineering,Mid,Hà Nội,bank_fintech,11,128,2,0.376049,1.0
glints:61690f47-8844-4d5e-a1ab-3dab4a542fd6,AI Engineer,Công ty cổ phần Aimesoft,AI_ENGINEER,AI / Machine Learning,AI / GenAI Engineering,Mid,,ecommerce,8,91,2,0.348907,1.0
glints:0e7beb3f-1ecd-4c19-b126-ccbb06109b85,AI Engineer,SotaTek,AI_ENGINEER,AI / Machine Learning,AI / GenAI Engineering,Mid,,other,17,172,2,0.337944,0.9778
itviec:ed255956-b9bd-4d64-a453-7b3f3897c565,AI Engineer,Asilla,AI_ENGINEER,AI / Machine Learning,AI / GenAI Engineering,Mid,Hà Nội,other,9,115,2,0.336251,1.0
glints:789d05b4-c271-42d7-9089-32e7f7648741,AI Engineer,TMA Solutions,AI_ENGINEER,AI / Machine Learning,AI / GenAI Engineering,Mid,,outsourcing,13,139,2,0.329061,1.0
itviec:92bb8963-bfac-4296-992e-a5a88aab92fc,Senior AI Engineer,MB Bank,AI_ENGINEER,AI / Machine Learning,AI / GenAI Engineering,Senior,Hà Nội,bank_fintech,11,121,2,0.32833,1.0
itviec:8d4ec6d4-4a57-4472-912e-ce5869903cc3,Senior/Junior AI Engineer,CÔNG TY CỔ PHẦN CÔNG NGHỆ & TRÍ TUỆ NHÂN TẠO ASTRAL-X,AI_ENGINEER,AI / Machine Learning,AI / GenAI Engineering,Senior,Hà Nội,other,17,203,2,0.327318,0.9859
itviec:80f7f33a-cd69-4a22-9d9b-228c7bf251d5,AI Engineer,Phu Hung Securities (PHS),AI_ENGINEER,AI / Machine Learning,AI / GenAI Engineering,Mid,Hồ Chí Minh,bank_fintech,12,117,2,0.322987,0.9924
itviec:7fd89b82-ad13-49f9-87cf-f347fa0d9b5c,AI/ML Engineer,LikeLion Vietnam,AI_ENGINEER,AI / Machine Learning,AI / GenAI Engineering,Mid,Hồ Chí Minh,other,20,210,2,0.317994,0.9621
itviec:62f6c6c5-4839-4526-9a10-e7ff78d9385e,Senior AI Engineer,Panasonic Vietnam Group – Panasonic R&D Center Vietnam (PRDCV),AI_ENGINEER,AI / Machine Learning,AI / GenAI Engineering,Senior,Hà Nội,other,8,114,2,0.315315,1.0
itviec:16e6e6ba-9133-47c2-94a5-dd12552d2198,Senior AI Engineer,Trustify Technology,AI_ENGINEER,AI / Machine Learning,AI / GenAI Engineering,Senior,Hồ Chí Minh,outsourcing,13,154,2,0.310683,0.9836
glints:1389cdcc-6058-493d-a38f-b89c65a077ab,AI Engineer,Công ty Cổ phần Công nghệ SotaTek,AI_ENGINEER,AI / Machine Learning,AI / GenAI Engineering,Mid,,other,9,118,2,0.302035,1.0
itviec:f838b243-593e-4562-8dda-49ca55d88e69,AI Engineer,VIETTEL CUSTOMER SERVICE,AI_ENGINEER,AI / Machine Learning,AI / GenAI Engineering,Mid,Hà Nội,other,14,155,2,0.299259,0.9644
itviec:195b97a5-e0c7-458a-84a0-60c4a6c89fa1,Senior AI Engineer,Creative Force,AI_ENGINEER,AI / Machine Learning,AI / GenAI Engineering,Senior,Hà Nội,ecommerce,10,124,2,0.297324,1.0
itviec:c6b4705a-96c1-408a-b154-6b9f4398ee50,AI Engineer with Leading Korean AI Entrepreneurs,Abc Studio Việt Nam,AI_ENGINEER,AI / Machine Learning,AI / GenAI Engineering,Mid,Hồ Chí Minh,other,14,215,2,0.289321,0.9847
glints:a5011858-7e9b-441f-9da2-c1e7e3bfd53c,AI Engineer Intern,Công ty Cổ phần Innotech Việt Nam,AI_ENGINEER,AI / Machine Learning,AI / GenAI Engineering,Intern,,other,9,112,2,0.283071,1.0
glints:de456d8d-dbed-403e-befc-d9a53be5592a,AI Engineer Intern,Edtronaut,AI_ENGINEER,AI / Machine Learning,AI / GenAI Engineering,Intern,,product,13,145,2,0.282986,1.0
itviec:d3f3056e-be97-4924-a1a0-4baaa096b6f9,Applied AI Engineer,Innotech Vietnam Corporation,AI_ENGINEER,AI / Machine Learning,AI / GenAI Engineering,Senior,Hồ Chí Minh,other,7,99,2,0.281481,1.0
itviec:25abc8c4-f77b-4854-8f43-18119bafdaea,Senior AI Engineer,PNJ,AI_ENGINEER,AI / Machine Learning,AI / GenAI Engineering,Senior,Hồ Chí Minh,other,10,106,2,0.281416,0.9241
glints:8a38312d-857c-4598-b0b4-e19da0e44024,AI Engineer | Junior/Middle,Công ty Cổ phần Innotech Việt Nam,AI_ENGINEER,AI / Machine Learning,AI / GenAI Engineering,Junior,,other,6,105,2,0.280054,1.0
itviec:210e0d33-2899-4caf-814a-43289ba98985,Machine Learning/AI Engineer,Chotot,AI_ENGINEER,AI / Machine Learning,AI / GenAI Engineering,Mid,Hồ Chí Minh,ecommerce,10,130,2,0.277244,0.8919
glints:73be62a3-a3c4-48c7-9369-2dd85d4b05f8,"AI Engineer/AI Solutions Engineer|Python, RAG, LLM, AI Agents",Step Up English,AI_ENGINEER,AI / Machine Learning,AI / GenAI Engineering,Mid,,other,8,166,2,0.277155,0.9557
careerviet:35C76E22,Machine Learning Engineer,Công ty TNHH Greystone Data Systems Việt Nam,ML_ENGINEER,AI / Machine Learning,ML Engineering,Mid,Hồ Chí Minh,other,12,138,2,0.275862,0.9282
glints:fe6a0bbb-0c08-41d6-9df3-0f62b95c4115,AI Engineer,Công ty cổ phần phần mềm ITSOL Holdings,AI_ENGINEER,AI / Machine Learning,AI / GenAI Engineering,Mid,,ecommerce,20,227,2,0.275341,0.7613
itviec:2c9207c0-8641-438b-989c-df410a9d22a6,Senior AI Expert,MB Bank,AI_ENGINEER,AI / Machine Learning,AI / GenAI Engineering,Senior,Hà Nội,bank_fintech,7,104,2,0.274268,0.9981
itviec:574d221c-d7a6-45df-921d-6500dcd7fd84,AI Engineer,Samsung Electronics HCMC CE Complex,AI_ENGINEER,AI / Machine Learning,AI / GenAI Engineering,Mid,Hồ Chí Minh,other,13,130,2,0.274049,0.9509
itviec:87b60c8e-93ac-49a7-bc99-d057b94a4936,Chuyên viên Lập trình AI,AITS | Vietnam Airlines,AI_ENGINEER,AI / Machine Learning,AI / GenAI Engineering,Mid,Hà Nội,other,13,157,2,0.273745,1.0
itviec:b758cf09-8871-4e0b-8655-00478ff4019d,Senior AI Engineer,URBOX,AI_ENGINEER,AI / Machine Learning,AI / GenAI Engineering,Senior,Hồ Chí Minh,other,9,113,2,0.27329,0.9615
itviec:7767c9b4-4865-4600-ba37-a35a38162cec,AI Engineer,Saigon Technology,AI_ENGINEER,AI / Machine Learning,AI / GenAI Engineering,Mid,Hồ Chí Minh,other,25,221,2,0.273011,0.8936
itviec:855688b1-d6e4-4d18-a8dd-07054ce90700,Senior AI Engineer,CÔNG TY TNHH ROOSTERX GLOBAL,AI_ENGINEER,AI / Machine Learning,AI / GenAI Engineering,Senior,Hà Nội,outsourcing,9,108,2,0.269682,1.0
itviec:d8c89cc9-4d91-4360-90a1-b4637c08da29,AI Engineer Intern,Innotech Vietnam Corporation,AI_ENGINEER,AI / Machine Learning,AI / GenAI Engineering,Intern,Hồ Chí Minh,other,9,104,2,0.269449,1.0
itviec:72996d99-8356-4fb4-ab49-9e27d8a78bcd,Trưởng nhóm Computer Vision/AI Engineer,Vega Corporation,CV_NLP,AI / Machine Learning,AI / GenAI Engineering,Lead,Hà Nội,other,10,156,2,0.266198,0.9823
itviec:5f8d05e7-70ee-472b-8694-3be31ccc24fa,Applied AI / Machine Learning Engineer,Công ty TNHH Peregrine Management Việt Nam,ML_ENGINEER,AI / Machine Learning,ML Engineering,Mid,Hà Nội,other,14,174,2,0.256783,0.9526
itviec:46f7621d-be0d-400e-8e19-63d6c3ceb68f,AI Engineer,ABBANK,AI_ENGINEER,AI / Machine Learning,AI / GenAI Engineering,Mid,Hà Nội,other,7,82,2,0.250013,0.9939
itviec:7f0f5d2a-9d77-438a-89d6-c34d49027b6c,AI Technical Leader,FPT IS,AI_ENGINEER,AI / Machine Learning,AI / GenAI Engineering,Lead,Hà Nội,bank_fintech,9,109,2,0.249465,0.9565
glints:d53845ee-66df-4d37-a7d3-c839fc60e4c2,AI ENGINEER – GEN AI,Viettel Cyber Security,AI_ENGINEER,AI / Machine Learning,AI / GenAI Engineering,Mid,,outsourcing,12,128,2,0.245724,0.8935
itviec:852c4975-6e73-4e3c-9f4e-2fa0706e0fb4,Kỹ Sư AI Thị Giác Máy Tính - Có Xe Đưa Đón,Mektec,CV_NLP,AI / Machine Learning,AI / GenAI Engineering,Mid,,other,15,199,2,0.244416,0.8988
itviec:e3df26aa-635e-4fc0-8f57-ade3ec50d566,Senior Machine Learning Engineer,KeyTechX,ML_ENGINEER,AI / Machine Learning,ML Engineering,Senior,,other,20,227,2,0.238126,0.77
itviec:52676de3-41db-4920-bbaa-61a6a7bcf133,Senior Data Scientist – ID2649,VPBank,DATA_SCIENTIST,AI / Machine Learning,Data / Decision Science,Senior,Hà Nội,bank_fintech,18,209,2,0.237683,0.7565
itviec:f377de57-345c-46d6-8e28-56ab13de3b54,AI Engineer,Công ty TNHH Xcons E&C,AI_ENGINEER,AI / Machine Learning,AI / GenAI Engineering,Mid,Hồ Chí Minh,other,7,91,2,0.237207,0.8586
itviec:5101dc96-ee36-4c7b-93fe-646043517b1f,AI Developer,Ngân hàng TMCP Phương Đông | OCB,AI_ENGINEER,AI / Machine Learning,AI / GenAI Engineering,Mid,Hồ Chí Minh,bank_fintech,10,130,2,0.237009,0.8841
glints:69cdc652-a013-46e1-a789-c2f9e14b5f97,ML/AI Engineer,Viettel Cyber Security,AI_ENGINEER,AI / Machine Learning,AI / GenAI Engineering,Mid,,ecommerce,14,161,2,0.236366,0.7205
itviec:33681cfa-44cf-4731-8daa-f83ab97c2bcb,Lead AI Engineer,New Ocean IS,AI_ENGINEER,AI / Machine Learning,AI / GenAI Engineering,Lead,Hồ Chí Minh,other,19,161,2,0.235289,0.7858
itviec:b1375ec2-e16f-47c5-a755-1d,Remote AI Engineer,VisionTech Global Limited,AI_ENGINEER,AI / Machine Learning,AI / GenAI Engineering,Mid,Hồ Chí Minh,outsourcing,8,119,2,0.234806,0.8892
topcv:2185841,Nhân Viên Dev AIBig Data,Công ty TNHH MTV Logistics Viettel,AI_ENGINEER,AI / Machine Learning,AI / GenAI Engineering,Mid,Hà Nội,ecommerce,7,97,2,0.234251,1.0
itviec:715c38e0-ab65-4b73-af64-9d6edfab5ce9,AI Engineer,Lac Viet Computing Corporation,AI_ENGINEER,AI / Machine Learning,AI / GenAI Engineering,Mid,Hồ Chí Minh,other,7,83,2,0.234119,1.0
glints:94a39ba7-cf29-495e-9301-c1e51b5b6a3f,AI Solutions Engineer,Công ty TNHH Sản xuất dịch vụ Prime,ML_ENGINEER,AI / Machine Learning,ML Engineering,Mid,,outsourcing,19,202,2,0.233891,0.8007
careerviet:35C778D4,Kỹ sư Trí tuệ nhân tạo,Tổng Công ty Cổ phần Công trình Viettel,CV_NLP,AI / Machine Learning,AI / GenAI Engineering,Mid,Hà Nội,ecommerce,7,113,2,0.232484,0.9567
topcv:2179754,Junior Data Scientist - TA192,,DATA_SCIENTIST,AI / Machine Learning,Data / Decision Science,Junior,Hà Nội,bank_fintech,19,215,2,0.228339,0.7648
glints:5f30220c-5edd-40ad-aebe-fa5fa0f8a99b,AI Research Intern,Gsoft,RESEARCH_SCIENTIST,AI / Machine Learning,Data / Decision Science,Intern,,other,6,99,2,0.227767,0.9512
itviec:048af43d-ce30-48db-ac08-6fdef182a27c,AI Computer Vision Engineer – eKYC,DNSE,CV_NLP,AI / Machine Learning,AI / GenAI Engineering,Mid,Hà Nội,other,6,106,2,0.226713,1.0
itviec:e6bfb734-80f9-4620-b512-b5fe63414b34,Junior AI Engineer,Công ty Cổ Phần An Ninh Mạng THD,AI_ENGINEER,AI / Machine Learning,AI / GenAI Engineering,Junior,Hồ Chí Minh,other,16,152,2,0.224468,0.8113
vietnamworks:2067850,Engineer/senior Engineer Of AI,Hoya Glass Disk Vietnam,AI_ENGINEER,AI / Machine Learning,AI / GenAI Engineering,Senior,Hà Nội,other,8,1015,2,0.223764,0.7307
itviec:fc7bb2e4-4ecb-4dcf-94de-185a78a30fba,Principal System Engineer,"MONEY FORWARD VIETNAM CO.,LTD",AI_ENGINEER,AI / Machine Learning,AI / GenAI Engineering,Lead,Hồ Chí Minh,other,11,115,2,0.221109,0.8492
itviec:4e4494e2-9d2d-4b9e-bb7b-aa8175a3a545,Tập sự tiềm năng – AI Engineer,Ngân hàng TMCP Tiên Phong | TPBank,AI_ENGINEER,AI / Machine Learning,AI / GenAI Engineering,Mid,Hà Nội,bank_fintech,8,102,2,0.221096,0.9679
glints:96f740c0-e282-4ad1-a24b-44d5c0c71192,SENIOR NLP ENGINEER,Công ty Cổ phần Công nghệ Prep,CV_NLP,AI / Machine Learning,AI / GenAI Engineering,Senior,,other,16,162,2,0.219913,0.9277
itviec:8d2ebd35-91fb-4dad-8a99-ef8b77f29b73,Senior Generative AI,"ARSEN Kawaijuku Tech Vietnam Co.,Ltd",GENAI_LLM,AI / Machine Learning,AI / GenAI Engineering,Senior,Hồ Chí Minh,other,13,122,2,0.218709,0.837
itviec:ebc1b88d-64c3-48f7-9f4a-26a71ceb4b83,AI Agent Engineer,TRUONG MINH THINH TECHNOLOGY JOINT STOCK COMPANY,AI_ENGINEER,AI / Machine Learning,AI / GenAI Engineering,Mid,Hồ Chí Minh,other,9,95,2,0.217819,0.9398
itviec:25e39947-7ca0-4f2e-ba3b-4275dcdea63d,Middle AI Engineer,GON TECH,AI_ENGINEER,AI / Machine Learning,AI / GenAI Engineering,Mid,Hồ Chí Minh,other,12,126,2,0.217461,0.8703
itviec:8e37b231-d6be-4b2e-99a8-e7fcc93b40de,Senior/Staff Embedded Application Engineer – AI Robotic,Renesas Design Vietnam,CV_NLP,AI / Machine Learning,AI / GenAI Engineering,Lead,Hồ Chí Minh,other,7,124,2,0.216737,0.9756
itviec:c71ecfae-a456-4c04-abc5-be80b828fc62,Senior AI Developer,Bosch Global Software Technologies Company Limited,AI_ENGINEER,AI / Machine Learning,AI / GenAI Engineering,Senior,Hồ Chí Minh,outsourcing,22,224,2,0.216272,0.7735
topcv:2189952,Senior Map/Data Scientist,Pro Công ty cổ phần Tasco,DATA_SCIENTIST,AI / Machine Learning,Data / Decision Science,Senior,Hà Nội,other,16,222,2,0.214383,0.7059
topcv:2193862,Senior Data Scientist,Công Ty Cổ Phần Dược Phẩm Pharmacity,DATA_SCIENTIST,AI / Machine Learning,Data / Decision Science,Senior,Hồ Chí Minh,other,11,119,2,0.214168,0.9292
itviec:02e74bdb-b122-4d3b-bc6e-5a76af2311e5,AI Engineer,Bolt Tech,AI_ENGINEER,AI / Machine Learning,AI / GenAI Engineering,Mid,Hà Nội,other,11,119,2,0.213832,0.9346
itviec:03361dda-bcbe-44ff-870e-040e2bb9621e,AI Software Engineer,MB Bank,AI_ENGINEER,AI / Machine Learning,AI / GenAI Engineering,Mid,Hà Nội,bank_fintech,15,155,2,0.204899,0.9212
itviec:0e8f0a36-e8f3-4c39-beca-3e49614b7b93,Agentic Engineer,MB Bank,AI_ENGINEER,AI / Machine Learning,AI / GenAI Engineering,Mid,Hà Nội,bank_fintech,15,151,2,0.200782,0.9133
topcv:2005516,Data Science Intern,CÔNG TY CỔ PHẦN ĐẦU TƯ FINPROS,DATA_SCIENTIST,AI / Machine Learning,Data / Decision Science,Intern,Hà Nội,other,8,129,2,0.200431,0.8683
itviec:de745978-18fd-4c18-b546-91c906331177,AI Agent Engineer : Build the Agent Layer,Panto Martech LLC,AI_ENGINEER,AI / Machine Learning,AI / GenAI Engineering,Mid,,other,5,92,2,0.199983,0.9615
itviec:69892016-916e-4172-8784-6dd786e0a64f,Mid-Level AI/ML Engineer,Edge8,AI_ENGINEER,AI / Machine Learning,AI / GenAI Engineering,Mid,Hồ Chí Minh,other,11,141,2,0.199869,0.8549
itviec:ec0dfc1d-f26b-41e8-8a7c-bf5c0b4c1e7b,Lead AI Engineer,Topicus Vietnam,AI_ENGINEER,AI / Machine Learning,AI / GenAI Engineering,Lead,Hồ Chí Minh,other,12,100,2,0.197322,0.8301
itviec:dcb24147-4eea-4ca6-83f9-4cf04ad6aca5,Junior AI Engineer - LLM,TRUONG MINH THINH TECHNOLOGY JOINT STOCK COMPANY,AI_ENGINEER,AI / Machine Learning,AI / GenAI Engineering,Junior,Hồ Chí Minh,other,10,128,2,0.195239,0.8158
topdev:2111848,"_Sinh viên tài năng Khối Công nghệ thông tin, Dữ liệu",Vietcombank,AI_ENGINEER,AI / Machine Learning,AI / GenAI Engineering,Mid,Hà Nội,other,3,91,2,0.194779,0.8901
itviec:deb0ba59-d91f-4804-886e-07be0d4b98ac,Junior AI Application Dev,FPT Securities,GENAI_LLM,AI / Machine Learning,AI / GenAI Engineering,Junior,Hà Nội,bank_fintech,13,135,2,0.194643,0.9292
itviec:1b821c23-2441-44c0-b530-53f37fb5526b,AI Solution Architect- Up to 50M,Sunteco,AI_ENGINEER,AI / Machine Learning,AI / GenAI Engineering,Mid,Hà Nội,other,16,173,2,0.191126,0.8082
itviec:f232f81c-d349-4d33-b239-30de2e27ca59,Software & System Support Engineer,Công Ty TNHH CMMB Việt Nam,DATA_ENGINEER,Data Engineering,Pipelines & Platform,Mid,Hà Nội,other,6,87,2,0.188247,0.8847
vietnamworks:2058261,AI Engineer,CÔNG TY TNHH PHÁT TRIỂN HƯƠNG VIỆT,AI_ENGINEER,AI / Machine Learning,AI / GenAI Engineering,Mid,,ecommerce,7,671,2,0.187951,0.7036
careerviet:35C7829E,AI Engineer Intern,Công ty TNHH Lửa Á Châu,AI_ENGINEER,AI / Machine Learning,AI / GenAI Engineering,Intern,Hồ Chí Minh,ecommerce,9,1062,2,0.187818,0.5818
glints:68b62692-c20a-49e4-aa48-63db89718c6e,Nhân Viên Lập Trình,Công Ty Chứng Khoán Acb,AI_ENGINEER,AI / Machine Learning,AI / GenAI Engineering,Mid,,bank_fintech,10,136,2,0.187799,0.7126
itviec:d831df0a-5e3b-4d1b-9bf8-fb26a76ca618,Agentic Coding Specialist,Scandinavian Software Park,GENAI_LLM,AI / Machine Learning,AI / GenAI Engineering,Mid,Hà Nội,other,13,127,2,0.18595,0.8362
vietnamworks:2066640,AI Engineer,Công Ty Cổ Phần ITL Aviation Logistics,AI_ENGINEER,AI / Machine Learning,AI / GenAI Engineering,Mid,Hồ Chí Minh,outsourcing,11,939,2,0.182793,0.6546
itviec:fb81a623-507f-406a-af92-ff908244d5bd,Senior Developer,iDeaLogic,GENAI_LLM,AI / Machine Learning,AI / GenAI Engineering,Senior,Hồ Chí Minh,other,11,106,2,0.181286,0.8565
itviec:1aed7c32-035f-49dc-884e-e91e421fb096,Senior AI Agent Engineer - Up to 100M,CÔNG TY TNHH FINAN,GENAI_LLM,AI / Machine Learning,AI / GenAI Engineering,Senior,Hồ Chí Minh,other,9,127,2,0.180264,0.7248
glints:96765a73-ebd6-4e1d-a3b0-4e95664f19d4,AI Engineer,Công Ty Chứng Khoán Phú Hưng,AI_ENGINEER,AI / Machine Learning,AI / GenAI Engineering,Mid,,bank_fintech,16,1727,2,0.175929,0.5109
itviec:cf56bb51-6b20-4d18-becd-a7142f0fcd1a,AI Engineer,Chailease,AI_ENGINEER,AI / Machine Learning,AI / GenAI Engineering,Mid,Hồ Chí Minh,other,11,119,2,0.175318,0.8185
careerviet:35C73298,- AI ENGINEER,Shinhan Bank Vietnam,AI_ENGINEER,AI / Machine Learning,AI / GenAI Engineering,Mid,Hồ Chí Minh,bank_fintech,8,1450,2,0.173123,0.5439
vietnamworks:2065152,Kỹ Sư AI / Chuyên Gia AI,Công Ty Cổ Phần Công Nghệ Công Nghiệp Bưu Chính Viễn Thông - VNPT Technology,AI_ENGINEER,AI / Machine Learning,AI / GenAI Engineering,Senior,Hà Nội,other,7,643,2,0.166573,0.5945
vietnamworks:2066126,MB Trainee - AI Engineer - Khối Công Nghệ Thông Tin,NGÂN HÀNG TMCP QUÂN ĐỘI – MBBANK,AI_ENGINEER,AI / Machine Learning,AI / GenAI Engineering,Junior,Hà Nội,bank_fintech,6,672,2,0.164349,0.5619
itviec:c7206199-9368-40ec-b148-611b50bd3c32,AI Native Platform Engineer,"MONEY FORWARD VIETNAM CO.,LTD",AI_ENGINEER,AI / Machine Learning,AI / GenAI Engineering,Mid,Hà Nội,product,8,95,2,0.161118,0.8208
itviec:f4b7a426-2141-4f52-9a60-071748725df6,Software Engineer for CAD/3D Data,ITviec Recruitment Consulting,ML_ENGINEER,AI / Machine Learning,ML Engineering,Mid,Hồ Chí Minh,outsourcing,10,128,2,0.160452,0.7541
vietnamworks:2066128,AI Expert - Khối Công Nghệ Thông Tin,NGÂN HÀNG TMCP QUÂN ĐỘI – MBBANK,AI_ENGINEER,AI / Machine Learning,AI / GenAI Engineering,Senior,Hà Nội,bank_fintech,7,669,2,0.160359,0.5634
glints:a01904e3-1bd9-4a80-91f7-1b48eb2cb8c3,Fresher/ Junior AI Engineer,Công ty TNHH Công nghệ và Thương mại Lifesup,AI_ENGINEER,AI / Machine Learning,AI / GenAI Engineering,Junior,,outsourcing,9,987,2,0.157889,0.5359
itviec:995ceeaa-1f5b-48b9-aea2-3e3b343e5a93,Principal/Senior QAQC Engineer,"MONEY FORWARD VIETNAM CO.,LTD",DATA_ENGINEER,Data Engineering,Pipelines & Platform,Lead,Hà Nội,other,15,171,2,0.155965,0.5104
itviec:64f2d79d-8e92-470a-b8c1-af998b1b0e2a,Senior Data Scientist,Ahamove,DATA_SCIENTIST,AI / Machine Learning,Data / Decision Science,Senior,Hồ Chí Minh,other,15,156,2,0.155899,0.7371
glints:1c9c7b97-264e-467c-b6fc-821a69d75df6,Giáo viên STEM-AI Robotics khu vực Bình Dương Cũ,Công Ty Cổ Phần Dịch Vụ Giáo Dục EB,AI_ENGINEER,AI / Machine Learning,AI / GenAI Engineering,Mid,,other,7,122,2,0.15566,0.7728
itviec:826eea24-4bfd-41c4-8bc4-da393024f542,Senior/Middle Machine Learning Engineer,M_Service (MoMo),ML_ENGINEER,AI / Machine Learning,ML Engineering,Senior,Hồ Chí Minh,bank_fintech,6,107,2,0.155029,0.6975
itviec:a6012c0b-8140-4e44-9229-49c5cac3da07,AI-Powered Principal Fullstack Engineer,"MONEY FORWARD VIETNAM CO.,LTD",GENAI_LLM,AI / Machine Learning,AI / GenAI Engineering,Lead,Hà Nội,other,15,171,2,0.149637,0.7366
itviec:c2951228-ac6a-40e4-b99a-8a3392380d02,Senior/Middle Data Scientist,M_Service (MoMo),DATA_SCIENTIST,AI / Machine Learning,Data / Decision Science,Senior,Hồ Chí Minh,bank_fintech,7,108,2,0.14719,0.769
itviec:d108423e-e276-4925-96b9-6bac972a6b83,Senior Data Scientist,Spiraledge,DATA_SCIENTIST,AI / Machine Learning,Data / Decision Science,Senior,Hồ Chí Minh,other,27,327,2,0.146874,0.4721
itviec:f479b0b1-b624-4000-807e-2393263fdb89,Python Developer,Accenture,ML_ENGINEER,AI / Machine Learning,ML Engineering,Mid,Hồ Chí Minh,outsourcing,12,101,2,0.144386,0.744
itviec:b28a0e48-2662-4741-82be-a888da22d819,Data Annotation,Facilitated Work Hub,DATA_SCIENTIST,AI / Machine Learning,Data / Decision Science,Mid,Hồ Chí Minh,other,5,82,2,0.140947,0.6308
topdev:2105158,AI/NLP Engineer / Algorithm Engineer– Junior/Mid/Senior- English,CAZOODLE,CV_NLP,AI / Machine Learning,AI / GenAI Engineering,Senior,Hà Nội,other,8,1062,2,0.138792,0.6498
vietnamworks:2056546,Phát Triển AI - Topk,CÔNG TY TRÁCH NHIỆM HỮU HẠN TOP ENGINEERING VINA,CV_NLP,AI / Machine Learning,AI / GenAI Engineering,Mid,Vĩnh Phúc,other,4,520,2,0.133132,0.6298
topcv:2147404,Data Scientist,CÔNG TY CỔ PHẦN TOH GROUP,DATA_SCIENTIST,AI / Machine Learning,Data / Decision Science,Mid,Hà Nội,other,10,120,2,0.131591,0.721
vietnamworks:2067813,AI Expert,Tổng Công ty Công nghiệp Công nghệ cao Viettel (Viettel High Tech),AI_ENGINEER,AI / Machine Learning,AI / GenAI Engineering,Senior,Hà Nội,outsourcing,3,622,2,0.13132,0.5281
vietnamworks:2048925,AI Engineer,K&M Holdings,AI_ENGINEER,AI / Machine Learning,AI / GenAI Engineering,Junior,Hà Nội,ecommerce,4,614,2,0.122155,0.5557
itviec:bc34aab5-386e-4c1c-bab6-763ac5d8d94b,Backend Engineer,AIRR Labs,DATA_ENGINEER,Data Engineering,Pipelines & Platform,Mid,Hồ Chí Minh,ecommerce,13,126,2,0.119071,0.7222
itviec:794863b4-575a-4d42-9894-1f4be539ed04,Senior Data Engineer,ITviec Recruitment Consulting,DATA_ENGINEER,Data Engineering,Pipelines & Platform,Senior,Hồ Chí Minh,outsourcing,10,117,2,0.118811,0.6989
itviec:b3ec48f4-2489-4009-b7b5-969b0d039f72,Industrial Data Systems Engineer,Công ty TNHH Peregrine Management Việt Nam,DATA_ENGINEER,Data Engineering,Pipelines & Platform,Mid,Hà Nội,other,12,149,2,0.117168,0.5717
itviec:1cded7c1-e28a-42aa-8f0c-a3a1b76b4d1d,Senior/Principal Java Engineer From 5 Years,Rakus Vietnam Company,DATA_ENGINEER,Data Engineering,Pipelines & Platform,Lead,Hồ Chí Minh,other,8,113,2,0.117052,0.7972
itviec:6a9bb40a-dc21-48b0-ae01-cefe19bc76ed,Chuyên Gia xây dựng mô hình phát hiện gian lận,MB Bank,ML_ENGINEER,AI / Machine Learning,ML Engineering,Senior,Hà Nội,bank_fintech,8,142,2,0.114735,0.5548
itviec:64ffd5f1-a58d-4f98-bb7a1ab,AI Solutions Architect,KMS Technology,AI_ENGINEER,AI / Machine Learning,AI / GenAI Engineering,Lead,Hồ Chí Minh,outsourcing,9,95,2,0.113024,0.8422
careerviet:35C7228C,Data Scientist,"BRAVESTARS.,JSC",DATA_SCIENTIST,AI / Machine Learning,Data / Decision Science,Mid,Hà Nội,other,7,83,2,0.11225,0.5779
itviec:57d82d50-0e3b-4fdc-8da0-d7109aae0fff,Chuyên viên Vận hành và Phát triển hệ thống,Công ty cổ phần MAT Group,DATA_ENGINEER,Data Engineering,Pipelines & Platform,Mid,Hà Nội,other,11,140,2,0.112077,0.7055
itviec:8632ad4d-88b1-4dae-8d03-3c01f6fa9d62,Java Software Engineer,Pizza Hut Digital & Technology,DATA_ENGINEER,Data Engineering,Pipelines & Platform,Mid,Hồ Chí Minh,other,12,115,2,0.110599,0.6315
itviec:1e469c76-96ef-48d1-bfb1-edf423782233,Platform Engineer,One Mount Group,AI_ENGINEER,AI / Machine Learning,AI / GenAI Engineering,Senior,Hồ Chí Minh,product,8,83,2,0.109461,0.7589
glints:fe2098e7-18e4-4132-80de-726eaf310e13,Applied AI Engineer,CÔNG TY CỔ PHẦN CÔNG NGHỆ BYTE,AI_ENGINEER,AI / Machine Learning,AI / GenAI Engineering,Mid,,ecommerce,8,94,2,0.107808,0.7715
itviec:cd9d217b-3c91-4ffa-8fbe-783c4e2ada10,Trưởng Phòng CNTT & Chuyển Đổi Số,Công ty Cổ phần Tập đoàn Everland,DATA_LEADERSHIP,Data Leadership,Leadership,Manager,Hà Nội,other,5,105,2,0.102345,0.4599
itviec:11390dee-5221-43bf-93bb-e91d383117e9,Middle+ Backend Engineer,GON TECH,DATA_ENGINEER,Data Engineering,Pipelines & Platform,Mid,Hồ Chí Minh,other,16,154,2,0.102052,0.487
itviec:7994b818-c481-447c-b39e-d64fb0c0e6d2,Junior Business Analyst-Chuyên viên Phân tích nghiệp vụ,AITS | Vietnam Airlines,BUSINESS_ANALYST,Analytics,Business / Domain Analysis,Junior,Hà Nội,outsourcing,3,100,2,0.10101,0.5338
itviec:221942a4-8fcb-4c7e-9046-11b89ead53d1,Senior Backend Software Engineer,LeapXpert,DATA_ENGINEER,Data Engineering,Pipelines & Platform,Senior,Hồ Chí Minh,outsourcing,14,143,2,0.10002,0.5911
topcv:2183517,Data Scientist,,DATA_SCIENTIST,AI / Machine Learning,Data / Decision Science,Lead,Hà Nội,other,10,151,2,0.099925,0.4503
itviec:087ccb7e-3b61-4043-976e-0255b02e9f57,Product Owner,One Mount Group,PRODUCT_ANALYST,Analytics,Business / Domain Analysis,Mid,Hồ Chí Minh,product,7,88,2,0.097189,0.5552
vietnamworks:2062218,AI Engineer,Công Ty TNHH YIC One,AI_ENGINEER,AI / Machine Learning,AI / GenAI Engineering,Mid,Hà Nội,other,3,208,2,0.096248,0.6776
itviec:50d34548-7d69-4350-bddf-3d225f4584f2,IT Automation Developer,Minh Việt International (IMV),DATA_ENGINEER,Data Engineering,Pipelines & Platform,Mid,Hồ Chí Minh,ecommerce,11,147,2,0.09435,0.4125
itviec:ba171f15-356a-469d-9569-f709a8dfd386,Software Engineer,NGS,BIG_DATA_ENGINEER,Data Engineering,Pipelines & Platform,Mid,Hà Nội,other,8,85,2,0.082926,0.5516
itviec:17fe7aea-532d-4d06-aab5-774e147d1c58,Cộng tác viên Prompt Engineer – Khối CNTT,Ngân hàng TMCP Tiên Phong | TPBank,GENAI_LLM,AI / Machine Learning,AI / GenAI Engineering,Mid,Hà Nội,bank_fintech,7,102,2,0.080808,0.5301
itviec:45c640dc-c15a-485e-9b7f-cbd8fad0e35f,Sr Software Engineer-Data Systems,CoderPush,DATA_ENGINEER,Data Engineering,Pipelines & Platform,Senior,Hồ Chí Minh,other,15,157,2,0.080517,0.5258
itviec:cb9e9c18-518e-4299-b4fd-6ce9265fed37,Chuyên viên Quản trị cơ sở dữ liệu,VRB,DBA_DATABASE,Data Engineering,Database / DBA,Mid,Hà Nội,other,9,130,2,0.074045,0.3836
itviec:292979c7-1b1c-40ba-aaa5-b5a8e8442a6d,Senior IT Product & Service Manager,Bosch Global Software Technologies Company Limited,PRODUCT_ANALYST,Analytics,Business / Domain Analysis,Manager,Hồ Chí Minh,outsourcing,5,86,2,0.071224,0.5016
itviec:5fb5dd3e-f031-42c9-9d5f-c3211e3d2e43,Sr Technical Expert - Automotive HPC Embedded Platforms,Bosch Global Software Technologies Company Limited,AI_ENGINEER,AI / Machine Learning,AI / GenAI Engineering,Senior,Hồ Chí Minh,outsourcing,4,89,2,0.070379,0.6269
itviec:d7b3d4ec-cc38-45c0-9b11-c7a0e2e7aa5d,Senior Backend Developer,Công Ty TNHH Stack Tech,DATA_ENGINEER,Data Engineering,Pipelines & Platform,Senior,Hồ Chí Minh,outsourcing,10,109,2,0.066678,0.6416
topcv:2137669,Data Analyst,Công ty Cổ phần Tập đoàn Công nghệ Thiên Hoàng,DATA_ANALYST,Analytics,Data Analysis & BI,Mid,Hà Nội,other,12,166,3,0.31267,1.0
topcv:2195268,Data Analyst,CÔNG TY TNHH CÔNG NGHỆ NHẬN THỨC MÁY HORUS AI,DATA_ANALYST,Analytics,Data Analysis & BI,Mid,Hà Nội,product,13,168,3,0.300471,1.0
glints:3dd6ea2c-2a6b-4c70-b819-70174f727dc1,Data Analyst,Công ty TNHH Các Giải Pháp Softel,DATA_ANALYST,Analytics,Data Analysis & BI,Mid,,outsourcing,11,137,3,0.297096,1.0
topcv:1655786,Data Analyst,,DATA_ANALYST,Analytics,Data Analysis & BI,Mid,Hồ Chí Minh,ecommerce,8,109,3,0.296433,1.0
topcv:2058628,Chuyên Viên Phân Tích Dữ Liệu Tài Chính,,DATA_ANALYST,Analytics,Data Analysis & BI,Mid,Hà Nội,bank_fintech,8,132,3,0.291166,0.9927
topcv:948277,Chuyên Viên Phân Tích Dữ Liệu,,DATA_ANALYST,Analytics,Data Analysis & BI,Mid,Hà Nội,other,12,163,3,0.281544,0.9482
careerviet:35C78339,Senior Data Analyst,Công Ty Cổ Phần TEECOM,DATA_ANALYST,Analytics,Data Analysis & BI,Senior,Hồ Chí Minh,ecommerce,11,175,3,0.277234,0.8515
topcv:2166282,Data Analyst,Công ty CP Khoa học Dữ liệu,DATA_ANALYST,Analytics,Data Analysis & BI,Mid,Hà Nội,ecommerce,11,138,3,0.271938,0.8679
topcv:2193960,Data Analyst Lead - Dự Án Bộ Công Thương,Công ty TNHH Giải pháp Phân tích dữ liệu Insight Data,DATA_ANALYST,Analytics,Data Analysis & BI,Lead,Hà Nội,outsourcing,6,124,3,0.271067,0.967
topcv:2182327,Trưởng Nhóm Data Analyst,CÔNG TY CỔ PHẦN HỆ THỐNG Y TẾ MEVIS HEALTHCARE,DATA_ANALYST,Analytics,Data Analysis & BI,Lead,Hà Nội,bank_fintech,6,84,3,0.266799,0.9821
topcv:2169714,Data Analyst,CÔNG TY CỔ PHẦN CÔNG NGHỆ ALPHAWAY,DATA_ANALYST,Analytics,Data Analysis & BI,Lead,Hà Nội,other,6,91,3,0.265708,0.9555
glints:ad6aa70b-0423-4348-b416-3b3a53abfa40,HR Analyst,MiTek Việt Nam,BI,Analytics,Data Analysis & BI,Mid,,other,8,94,3,0.265365,0.9759
glints:d6ea11fd-f7c5-4149-9505-3c283f460c8e,Data Analyst,Inwave Studio,DATA_ANALYST,Analytics,Data Analysis & BI,Mid,,ecommerce,9,106,3,0.264718,1.0
topcv:816331,Chuyên Viên Phân Tích Quản Trị,BỆNH VIỆN ĐA KHOA HỒNG NGỌC PHÚC TRƯỜNG MINH,BUSINESS_ANALYST,Analytics,Business / Domain Analysis,Mid,Hà Nội,other,7,109,3,0.263792,1.0
glints:592b7722-8323-4638-a610-d3c1cfc0d4a0,Data Analyst,Viettel Cyber Security,DATA_ANALYST,Analytics,Data Analysis & BI,Mid,,other,14,166,3,0.261411,0.8788
itviec:758a5ddd-1f34-4452-b930-ec84d506d08a,Senior Business Model Validation Analyst,MB Bank,BUSINESS_ANALYST,Analytics,Business / Domain Analysis,Senior,Hà Nội,bank_fintech,12,196,3,0.259593,0.8424
itviec:a79a1ff1-631e-47ed-a324-4fdfeb38158f,Business Analyst,Phu Hung Securities (PHS),BUSINESS_ANALYST,Analytics,Business / Domain Analysis,Mid,Hồ Chí Minh,bank_fintech,10,117,3,0.258826,0.7799
careerviet:35C7A74C,HR Data Analyst cum Total Rewards Operational,Cổ Phần Kết Nối Nhân Tài - Talentnet Corporation,DATA_ANALYST,Analytics,Data Analysis & BI,Mid,Hồ Chí Minh,other,11,176,3,0.257059,0.8777
topcv:2183411,Lead Phân Tích Dữ Liệu,CÔNG TY CỔ PHẦN CÔNG NGHỆ SICIX,DATA_ANALYST,Analytics,Data Analysis & BI,Lead,Hà Nội,other,11,140,3,0.253952,1.0
topcv:2171572,Data Analyst - Từ 2 Năm Kinh Nghiệm - Thu Nhập Hấp Dẫn - Làm Việc Tại Hà Nội,Công ty Cổ phần Quảng cáo FPT Adtrue,DATA_ANALYST,Analytics,Data Analysis & BI,Mid,Hà Nội,product,12,211,3,0.253288,0.9572
topcv:2181710,Data Analyst Team Leader,CÔNG TY CỔ PHẦN CÔNG NGHỆ UPBASE,DATA_ANALYST,Analytics,Data Analysis & BI,Lead,Hà Nội,ecommerce,6,89,3,0.251214,1.0
topcv:2172546,Data Analyst,,DATA_ANALYST,Analytics,Data Analysis & BI,Mid,Hà Nội,other,18,218,3,0.246678,0.8263
topcv:2168178,"BI Analyst - Power Platform, Power BI Thu Nhập 12 - 15 Triệu",CÔNG TY TNHH VY LÊ TRAINING,BI,Analytics,Data Analysis & BI,Mid,Hồ Chí Minh,outsourcing,8,142,3,0.245434,0.9822
itviec:0db4cbc4-e309-46cd-843c-37535ebb483e,Senior Data Analyst,FPT Digital,DATA_ANALYST,Analytics,Data Analysis & BI,Senior,Hồ Chí Minh,other,12,164,3,0.240004,0.8129
topcv:2143275,Lead Data Analyst,CÔNG TY CỔ PHẦN GIẢI PHÁP CÔNG NGHỆ BZISOFT,DATA_ANALYST,Analytics,Data Analysis & BI,Lead,Hà Nội,outsourcing,10,120,3,0.237065,1.0
itviec:7afd037c-a157-49ac-83ac-40b213dd2014,Data Science & Risk Modeling Spealist,MB Bank,RISK_FRAUD_ANALYST,Analytics,Business / Domain Analysis,Mid,Hà Nội,bank_fintech,8,123,3,0.233089,0.9285
topcv:2167677,Data Analyst,GEMS UNITED JOINT STOCK COMPANY,DATA_ANALYST,Analytics,Data Analysis & BI,Mid,,product,8,102,3,0.23145,1.0
itviec:520ed023-1ede-4742-ac1d-070d57f279f4,IT Data Analyst,CÔNG TY TNHH ĐẠI HIỀN TÂM,DATA_ANALYST,Analytics,Data Analysis & BI,Mid,Hồ Chí Minh,other,8,103,3,0.231305,0.9624
itviec:0bf7659f-a23b-48a7-bb30-7ad247523e0b,Data Analyst and Process Improvement,DSV X Schenker,DATA_ANALYST,Analytics,Data Analysis & BI,Mid,Hồ Chí Minh,other,6,100,3,0.224675,0.8954
topcv:2137813,Data Analyst - Junior Up,CÔNG TY CỔ PHẦN BLACKGEMS GLOBAL,DATA_ANALYST,Analytics,Data Analysis & BI,Junior,Hà Nội,outsourcing,13,158,3,0.224063,0.8377
topcv:2096277,Business Intelligence Specialist – Collections,FE CREDIT,BI,Analytics,Data Analysis & BI,Mid,Hồ Chí Minh,other,9,154,3,0.220767,0.8318
topcv:2192249,"Chuyên Viên Cao Cấp, Chuyên Gia Kiểm Định Mô Hình Kinh Doanh - Senior Business Model Validation Analyst - Khối Dữ Liệu",,BUSINESS_ANALYST,Analytics,Business / Domain Analysis,Senior,Hà Nội,other,11,251,3,0.220706,0.7925
topcv:2176140,Intern Data Analyst,Công ty TNHH Dịch vụ công nghệ TP,DATA_ANALYST,Analytics,Data Analysis & BI,Intern,Hà Nội,ecommerce,9,123,3,0.21827,1.0
careerviet:35C7A4A0,Chuyên Viên Cao Cấp/ Chuyên Gia Quản Trị Dữ Liệu MIS & Hiệu Suất Kinh Doanh – Bộ phận BFM,Công Ty CP Chứng Khoán VNDIRECT,DATA_GOVERNANCE,Governance & Architecture,Governance & Architecture,Senior,Hà Nội,bank_fintech,18,291,3,0.217195,0.718
topcv:2200670,Trưởng Bộ Phận BI,Công ty TNHH Embermax,DATA_ARCHITECT,Governance & Architecture,Governance & Architecture,Manager,Hà Nội,ecommerce,11,152,3,0.214799,0.7651
topcv:2180589,"Senior Data Analyst - Thu Nhập Cạnh Tranh, Từ 3 Năm Kinh Nghiệm",CÔNG TY CỔ PHẦN DƯỢC PHẨM FPT LONG CHÂU,DATA_ANALYST,Analytics,Data Analysis & BI,Senior,Hồ Chí Minh,other,13,212,3,0.214051,0.8444
itviec:88296c04-cc81-4a6b-9aa6-3f1d767387c0,Data Analyst,Beyondsoft Technology (Vietnam) Company Limited,DATA_ANALYST,Analytics,Data Analysis & BI,Mid,Hồ Chí Minh,outsourcing,11,121,3,0.212314,0.769
topcv:2175073,Data Analyst,CÔNG TY TNHH BEYONDSOFT TECHNOLOGY (VIETNAM),DATA_ANALYST,Analytics,Data Analysis & BI,Mid,Hồ Chí Minh,other,11,121,3,0.212314,0.769
itviec:7e9780d3-e262-40a9-8e3b-1f51aed39083,Senior/Expert Data Analyst,F88,DATA_ANALYST,Analytics,Data Analysis & BI,Senior,Hà Nội,other,15,191,3,0.211815,0.7744
topcv:2176675,Senior/Expert Data Analyst,Pro Công ty CP Kinh doanh F88,DATA_ANALYST,Analytics,Data Analysis & BI,Senior,Hà Nội,outsourcing,15,191,3,0.211815,0.7744
itviec:6432754b-4dde-4c7d-a015-86bda2ccca40,Senior Data & Business Intelligence Professional,CÔNG TY CỔ PHẦN CHỨNG KHOÁN KAFI,BI,Analytics,Data Analysis & BI,Senior,Hồ Chí Minh,bank_fintech,14,231,3,0.210885,0.7054
careerviet:35C72C6B,Data Analyst,Công ty TNHH Viettel - CHT,DATA_ANALYST,Analytics,Data Analysis & BI,Mid,Hà Nội,other,19,224,3,0.209231,0.7807
itviec:fede6d77-6c10-4f7f-9b33-736e34c5b3ab,Data Analyst - Data Division,MB Bank,DATA_ANALYST,Analytics,Data Analysis & BI,Mid,Hà Nội,bank_fintech,6,93,3,0.207019,1.0
careerviet:35C770B1,CVCC/Chuyên gia Phân tích dữ liệu - Data Analyst,CÔNG TY CỔ PHẦN KINH DOANH F88,DATA_ANALYST,Analytics,Data Analysis & BI,Senior,Hà Nội,outsourcing,16,226,3,0.206341,0.7742
careerviet:35C76B1F,Trưởng nhóm Hệ thống dữ liệu,CÔNG TY CỔ PHẦN PHÁT TRIỂN DỊCH VỤ VÀ THƯƠNG MẠI QUỐC AN,BI,Analytics,Data Analysis & BI,Lead,Hà Nội,other,9,156,3,0.203798,0.9006
careerviet:35C7264D,Chuyên gia Kế toán tổng hợp - Khối Quản trị Tài chính,HR Vietnam’s ESS Client,BUSINESS_ANALYST,Analytics,Business / Domain Analysis,Senior,Hồ Chí Minh,bank_fintech,5,117,3,0.201737,0.8234
glints:88edd0d4-a88e-4e06-9fd9-418d8b2c0f07,Finance & Data Specialist,MindX Technology School,DATA_ANALYST,Analytics,Data Analysis & BI,Mid,,bank_fintech,8,112,3,0.199755,0.9605
itviec:f5347657-ed90-48fc-a057-b602b9c96a2e,IT Risks Management Specialist,MB Bank,RISK_FRAUD_ANALYST,Analytics,Business / Domain Analysis,Mid,Hà Nội,bank_fintech,9,122,3,0.197448,1.0
topcv:1968188,Data Analyst Teamleader - Thu Nhập 50 Triệu Tại Hồ Chí Minh,,DATA_ANALYST,Analytics,Data Analysis & BI,Mid,Hồ Chí Minh,other,14,222,3,0.196506,0.7135
careerviet:35C79648,CHUYÊN VIÊN PHÂN TÍCH DỮ LIỆU,Công ty Cổ phần đầu tư phát triển máy Việt Nam,DATA_ANALYST,Analytics,Data Analysis & BI,Mid,Hà Nội,ecommerce,20,254,3,0.193914,0.6473
topcv:2167392,Senior Business Intelligence,Pro Công Ty Cổ Phần Vàng Bạc Đá quý Phú Nhuận - PNJ,BI,Analytics,Data Analysis & BI,Senior,Hồ Chí Minh,bank_fintech,7,115,3,0.192966,0.7192
careerviet:35C77A2C,Giảng viên Phân tích Dữ liệu Cơ bản,Chương trình Học viện Công nghệ BKACAD,DATA_ANALYST,Analytics,Data Analysis & BI,Mid,Hà Nội,other,10,149,3,0.19228,0.779
itviec:cf576ecd-a2bb-4e1c-99f3-9d49d550ef37,Data Scientist - Data Division,MB Bank,DATA_SCIENTIST,AI / Machine Learning,Data / Decision Science,Mid,Hà Nội,bank_fintech,17,236,3,0.189254,0.6415
careerviet:35C79D6C,Marketing Intelligence Manager,Công ty CP Giáo dục Quốc tế Việt Úc,BI,Analytics,Data Analysis & BI,Manager,Hồ Chí Minh,other,14,197,3,0.189153,0.6656
topcv:2171294,Business Analyst -3YOE - Onsite Bank - Thu Nhập Upto 27M,Công ty Cổ phần Giải pháp Công nghệ TTC Việt Nam,BUSINESS_ANALYST,Analytics,Business / Domain Analysis,Mid,Hà Nội,bank_fintech,12,176,3,0.186377,0.6614
topcv:2187784,Data Analyst,Công ty Cổ phần Công nghệ KiotViet,DATA_ANALYST,Analytics,Data Analysis & BI,Mid,Hà Nội,other,12,160,3,0.186121,0.6984
careerviet:35C79DA1,Chuyên viên Phân tích dữ liệu,Tổng Công ty Cổ phần Công trình Viettel,DATA_ANALYST,Analytics,Data Analysis & BI,Mid,Hà Nội,other,7,115,3,0.18152,0.5857
topcv:2046581,Chuyên Viên Dữ Liệu / Data Executive / Bắt Buộc Biết Tiếng Trung / Quận 7,CÔNG TY TNHH NEXTAD STUDIO,DATA_ANALYST,Analytics,Data Analysis & BI,Mid,Hồ Chí Minh,other,8,164,3,0.177363,0.8806
itviec:b52603d4-f0aa-4873-9012-a04b838e5507,Senior/Lead Business Analyst,NAB Innovation Centre Vietnam,BUSINESS_ANALYST,Analytics,Business / Domain Analysis,Lead,Hồ Chí Minh,other,7,108,3,0.175626,0.7807
topcv:2198830,Trưởng Nhóm Phân Tích Dữ Liệu,IZISolution,DATA_ANALYST,Analytics,Data Analysis & BI,Lead,Hà Nội,other,13,158,3,0.175592,0.6412
itviec:95a3e834-40aa-451d-bc91-469f87e981e9,Data Intern,ITviec,DATA_ENGINEER,Data Engineering,Pipelines & Platform,Intern,Hồ Chí Minh,outsourcing,16,175,3,0.175427,0.6229
topcv:1002984,Chuyên Viên Phân Tích Dữ Liệu,CÔNG TY CỔ PHẦN TƯ VẤN CÔNG NGHỆ NGS,DATA_ANALYST,Analytics,Data Analysis & BI,Mid,Hà Nội,outsourcing,13,173,3,0.172731,0.569
topcv:1706403,Business Data Analyst,Công ty Cổ phần SIMBATECH,DATA_ANALYST,Analytics,Data Analysis & BI,Mid,Hà Nội,bank_fintech,11,136,3,0.170825,0.7218
topcv:2201772,Business Intelligence Specialist - 3 Năm Kinh Nghiệm - Thu Nhập Hấp Dẫn - Tại Hà Nội,Công ty TNHH Esoft Vietnam,BI,Analytics,Data Analysis & BI,Mid,Hà Nội,other,13,246,3,0.167858,0.5637
itviec:bdab4acb-7962-46e7-8ed4-0ec469fcecb3,Business Analyst,Nova Engine Software Solution,BUSINESS_ANALYST,Analytics,Business / Domain Analysis,Mid,Hà Nội,other,7,86,3,0.164351,0.8756
itviec:61f0b416-8d7f-4a2b-9f1c-b3656775ec35,Data Analyst,Deliveree On-Demand Logistics,DATA_ANALYST,Analytics,Data Analysis & BI,Mid,Hồ Chí Minh,ecommerce,12,144,3,0.162687,0.7092
topcv:2192246,Chuyên Viên Mô Hình Rủi Ro - Data Science & Risk Modeling Spealist - Khối Quản Trị Rủi Ro,,RISK_FRAUD_ANALYST,Analytics,Business / Domain Analysis,Mid,Hà Nội,other,8,175,3,0.159121,0.7547
itviec:d6a2dafb-4661-400b-9da8-2d047d40ad74,"Data Analyst - onsite tại thủ đô Vientiane, Laos",Công Ty Star Telecom (Unitel) - Trực Thuộc Tập Đoàn Công Nghiệp - Viễn Thông Quân Đội Viettel,DATA_ANALYST,Analytics,Data Analysis & BI,Mid,Hà Nội,other,11,178,3,0.158569,0.6464
topcv:2184043,Lead Data Analyst,Công ty TNHH Dịch vụ công nghệ TP,DATA_ANALYST,Analytics,Data Analysis & BI,Lead,Hà Nội,product,7,118,3,0.158305,0.8337
topcv:2195903,Chuyên Viên Khoa Học Dữ Liệu,CÔNG TY CỔ PHẦN CÔNG NGHỆ VCS VIỆT NAM,DATA_SCIENTIST,AI / Machine Learning,Data / Decision Science,Mid,Hà Nội,outsourcing,18,251,3,0.155903,0.5185
itviec:ad09b1e1-0bb6-4a8b-a429-4266b5f5e190,Thực tập sinh Khoa học Dữ liệu,VCS Viet Nam,DATA_SCIENTIST,AI / Machine Learning,Data / Decision Science,Intern,Hà Nội,other,19,257,3,0.15193,0.505
itviec:0e483bf9-13b1-4d30-9f19-663b43e53df5,Analytics Engineer,METUB Việt Nam,ANALYTICS_ENGINEER,Data Engineering,Pipelines & Platform,Mid,Hồ Chí Minh,other,21,265,3,0.148253,0.5441
itviec:cb4cadc4-a9ea-4e49-a265-68f6889097ed,"Senior Data Analyst, Ahamove",Ahamove,DATA_ANALYST,Analytics,Data Analysis & BI,Senior,Hồ Chí Minh,ecommerce,22,284,3,0.144885,0.5355
itviec:536f98ec-02f8-4c3e-bc25-cebad05732c1,Remote - Data Operations Analyst,OrgScale Recruitment,BUSINESS_ANALYST,Analytics,Business / Domain Analysis,Mid,Hồ Chí Minh,other,13,171,3,0.142743,0.7675
careerviet:35C77B26,Chuyên viên chính/Chuyên viên cao cấp Phân tích nghiệp vụ FM - TNTech - 4Z035,Tập đoàn ROX (ROX Group),BUSINESS_ANALYST,Analytics,Business / Domain Analysis,Senior,Hà Nội,outsourcing,4,122,3,0.141836,0.8684
itviec:ada5f2d6-d4f1-451a-9643-e9c5889aa46b,Senior Data Scientist,SSI Securities Corporation,DATA_SCIENTIST,AI / Machine Learning,Data / Decision Science,Senior,Hà Nội,bank_fintech,16,196,3,0.138037,0.5307
careerviet:35C7A039,Customer & Product Analytics Executive,CÔNG TY TÀI CHÍNH TNHH NGÂN HÀNG TMCP SÀI GÒN - HÀ NỘI (SHBFinance),DATA_ENGINEER,Data Engineering,Pipelines & Platform,Mid,Hồ Chí Minh,bank_fintech,11,200,3,0.134873,0.489
topcv:2011620,Game Data Analytics Engineer,Công ty TNHH Horus Productions,ANALYTICS_ENGINEER,Data Engineering,Pipelines & Platform,Mid,Hà Nội,other,12,141,3,0.13382,0.6272
topcv:1918050,Data Engineer,SVTECH,DATA_ENGINEER,Data Engineering,Pipelines & Platform,Mid,Hà Nội,outsourcing,10,111,3,0.126872,0.6114
itviec:66c3cc18-dc11-4f9a-9c7f-9a10318e4424,Data Engineer - Data Division,MB Bank,DATA_ENGINEER,Data Engineering,Pipelines & Platform,Mid,Hà Nội,bank_fintech,8,134,3,0.12485,0.565
glints:378ec53e-4cb8-41fd-9ac8-927992bb7372,Data Engineering,CÔNG TY CỔ PHẦN CÔNG NGHỆ UNITRUST VIỆT NAM,DATA_ENGINEER,Data Engineering,Pipelines & Platform,Mid,,outsourcing,14,169,3,0.123402,0.4778
topcv:2177903,Senior Data Analyst,CÔNG TY CỔ PHẦN SÀN GIAO DỊCH TÀI SẢN MÃ HÓA VIỆT NAM THỊNH VƯỢNG,DATA_ANALYST,Analytics,Data Analysis & BI,Senior,Hà Nội,ecommerce,8,109,3,0.123386,0.6326
glints:3a8effd9-3c92-455e-baf3-bf70d32b509b,Senior Data Scientist,SSI DIGITAL TECHNOLOGY JOINT STOCK COMPANY,DATA_SCIENTIST,AI / Machine Learning,Data / Decision Science,Senior,,bank_fintech,15,188,3,0.122354,0.5134
topcv:2180185,Data Analyst,Unimob Studio,DATA_ANALYST,Analytics,Data Analysis & BI,Mid,Hà Nội,other,9,116,3,0.122011,0.6058
vietnamworks:2063402,E-Commerce Data Analyst,WOWSUITE SOFTWARE,DATA_ANALYST,Analytics,Data Analysis & BI,Mid,Hồ Chí Minh,ecommerce,7,721,3,0.11888,0.5704
topdev:2112252,Data Analysis Officer,CÔNG TY TNHH AEON VIỆT NAM,DATA_ANALYST,Analytics,Data Analysis & BI,Mid,Hồ Chí Minh,ecommerce,4,559,3,0.117671,0.5744
topcv:2173063,Chuyên Viên Phân Tích Dữ Liệu - Có Xe Đưa Đón - Lương Upto 30tr/Tháng,Công Ty TNHH Điện Tử Việt Nhật,DATA_ANALYST,Analytics,Data Analysis & BI,Mid,Hưng Yên,ecommerce,1,91,3,0.117153,0.704
topcv:2196468,Senior Business Intelligence - HN - TA174,,BI,Analytics,Data Analysis & BI,Senior,Hà Nội,other,5,90,3,0.115933,0.6187
vietnamworks:2065723,Sales & Marketing Reporting Executive,Công Ty Cổ Phần Prime Group,BI,Analytics,Data Analysis & BI,Mid,Vĩnh Phúc,other,5,624,3,0.112371,0.5393
vietnamworks:2061533,Nhân Viên Định Phí,Tổng Công Ty CP Bảo Hiểm Toàn Cầu (GIC),RISK_FRAUD_ANALYST,Analytics,Business / Domain Analysis,Mid,Hồ Chí Minh,bank_fintech,7,626,3,0.103497,0.5081
vietnamworks:2060327,Senior Data Analyst,Bosch Global Software Technologies Company Limited,DATA_ANALYST,Analytics,Data Analysis & BI,Senior,Hồ Chí Minh,outsourcing,8,868,3,0.100254,0.4405
topcv:2197209,Chuyên Viên Phân Tích Số Liệu Và Báo Cáo,,DATA_ANALYST,Analytics,Data Analysis & BI,Mid,Hà Nội,bank_fintech,3,80,3,0.091972,0.6557
itviec:69aaf2d2-7974-42a7-8e1e-64bcef9de2ee,Data Business Analyst – ID6813,VPBank,BUSINESS_ANALYST,Analytics,Business / Domain Analysis,Mid,Hà Nội,bank_fintech,3,81,3,0.091442,0.4282
topcv:2184405,Data Scientist Expert - Hà Nội - TA150,,DATA_SCIENTIST,AI / Machine Learning,Data / Decision Science,Senior,Hà Nội,other,7,141,3,0.089422,0.4259
itviec:dc178b41-f868-4401-b4e6-2f00843f0c0f,Mid/Senior Microsoft AI / Power Platform Developer,SSTech,AI_ENGINEER,AI / Machine Learning,AI / GenAI Engineering,Senior,Hồ Chí Minh,product,13,206,3,0.088026,0.3914
itviec:022aede4-d67c-4e93-ab16-0341c46a28c1,IT Governance Risk Compliance,EVF,DATA_GOVERNANCE,Governance & Architecture,Governance & Architecture,Mid,Hà Nội,other,4,86,3,0.07646,0.5348
careerviet:35C7B0C9,Production Supervisor,Saint-Gobain Vietnam,DATA_ANALYST,Analytics,Data Analysis & BI,Mid,Hải Phòng,other,5,87,3,0.075436,0.5714
itviec:1f2aa5ff-7840-434d-84a3-d616fdceb11f,CV/CVCC Phát triển hệ thống Quản trị tài chính - K.CNTT,PVcomBank,DATA_ENGINEER,Data Engineering,Pipelines & Platform,Mid,Hà Nội,bank_fintech,5,113,3,0.069766,0.517
itviec:08ca65c3-b3dd-489a-9488-26f72d302a2b,Middle Business Analyst,GON TECH,BUSINESS_ANALYST,Analytics,Business / Domain Analysis,Mid,Hồ Chí Minh,outsourcing,7,89,3,0.065003,0.5036
glints:c05c72d6-9b9e-4542-b3ea-876f0fcdbe5e,Thực tập sinh Data annotation kiêm Tester,Công ty cổ phần NTL Việt Nam,DATA_ANALYST,Analytics,Data Analysis & BI,Intern,,other,4,90,3,0.054457,0.6058
glints:d6f22d0c-15ce-4a65-a77d-681b5705bf94,"Thực tập sinh, Tình nguyện viên Data Part-time",TAHK,DATA_ANALYST,Analytics,Data Analysis & BI,Intern,,other,3,94,3,0.048882,0.5459
careerviet:35C75D77,Demand and Supply Planning Manager,Công Ty TNHH Thương Mại Dịch Vụ Xuất Nhập Khẩu The Vigo,BUSINESS_ANALYST,Analytics,Business / Domain Analysis,Manager,Hồ Chí Minh,other,10,5148,4,0.243164,0.9211
topdev:2112037,Senior D&A Developer,HEINEKEN Vietnam,BI,Analytics,Data Analysis & BI,Senior,Hồ Chí Minh,outsourcing,10,3506,4,0.224834,0.8464
careerviet:35C77E5F,Senior Business Intelligence Executive,Concung.com - Con Cung Joint Stock Company,BI,Analytics,Data Analysis & BI,Senior,Hồ Chí Minh,other,10,2576,4,0.213187,0.7167
careerviet:35C76A98,IT Business Analyst,Công Ty Tài Chính Mirae Asset (Việt Nam),BUSINESS_ANALYST,Analytics,Business / Domain Analysis,Mid,Hồ Chí Minh,bank_fintech,4,3379,4,0.206168,0.9579
careerviet:35C79F07,Data Manager,RED2 DIGITAL,DATA_LEADERSHIP,Data Leadership,Leadership,Manager,Hồ Chí Minh,outsourcing,16,4081,4,0.203661,0.7482
careerviet:35C78ECC,Power BI Analyst,Techtronic Industries Vietnam Manufacturing Company Limited,BI,Analytics,Data Analysis & BI,Mid,Hồ Chí Minh,outsourcing,11,4061,4,0.199902,0.7202
careerviet:35C74D30,RISK MODELING SUPPERVISOR,Công Ty Tài Chính Mirae Asset (Việt Nam),RISK_FRAUD_ANALYST,Analytics,Business / Domain Analysis,Mid,Hồ Chí Minh,bank_fintech,10,3132,4,0.194773,0.6517
careerviet:35C7782C,Data Analyst,BETRIMEX - Công Ty Cổ Phần Xuất Nhập Khẩu Bến Tre,DATA_ANALYST,Analytics,Data Analysis & BI,Mid,Hồ Chí Minh,other,3,3804,4,0.193056,0.9571
careerviet:35C79F56,Data Engineer,Teamwork Vietnam Ltd,DATA_ENGINEER,Data Engineering,Pipelines & Platform,Mid,Hồ Chí Minh,outsourcing,17,3066,4,0.186515,0.6614
careerviet:35C74210,Market Intelligence Specialist,Công ty TNHH Cung ứng Nhựa đường,BI,Analytics,Data Analysis & BI,Mid,Hà Nội,other,4,1876,4,0.185582,0.8111
careerviet:35C73082,Senior Data Analyst,"Rochdale Spears Co., Ltd.",DATA_ANALYST,Analytics,Data Analysis & BI,Senior,Bình Dương,product,3,2493,4,0.184121,0.9369
vietnamworks:2063449,Sales Analysis & Budget Control Assistant,Lotte Mall West Lake Hanoi,BUSINESS_ANALYST,Analytics,Business / Domain Analysis,Mid,Hà Nội,other,1,873,4,0.180538,1.0
glints:584b4cf5-006b-46ef-b7b5-9e873e59f8dd,Data analyst,Baller Headwear,DATA_ANALYST,Analytics,Data Analysis & BI,Mid,,other,12,1919,4,0.179822,0.6535
vietnamworks:2068243,Business Intelligence Analyst,Insee Vietnam,BI,Analytics,Data Analysis & BI,Mid,Hồ Chí Minh,other,5,1005,4,0.178924,0.7001
vietnamworks:2061807,NPI/ Foundry Operational Analyst,Intel Products Vietnam,BUSINESS_ANALYST,Analytics,Business / Domain Analysis,Junior,Hồ Chí Minh,product,3,983,4,0.177616,0.9445
vietnamworks:2061697,Market Analyst | Building Materials/ Cement,Insee Vietnam,BUSINESS_ANALYST,Analytics,Business / Domain Analysis,Mid,Hồ Chí Minh,other,1,907,4,0.177442,1.0
vietnamworks:2040637,Data Manager,NEYU,DATA_LEADERSHIP,Data Leadership,Leadership,Manager,Hồ Chí Minh,other,6,878,4,0.174469,0.7715
vietnamworks:2060296,Operations Data Development Supervisor,Công Ty TNHH Techtronic Industries Việt Nam Manufacturing,DATA_ENGINEER,Data Engineering,Pipelines & Platform,Mid,Hồ Chí Minh,other,4,902,4,0.17312,0.8964
vietnamworks:2066758,Strategy & Business Planning Manager,"Interflour Vietnam Co., Ltd.",BUSINESS_ANALYST,Analytics,Business / Domain Analysis,Manager,Hồ Chí Minh,other,2,905,4,0.172786,1.0
careerviet:35C6F1F7,AI Engineer,CÔNG TY TNHH TƯ VẤN GANESHAID,AI_ENGINEER,AI / Machine Learning,AI / GenAI Engineering,Mid,Hà Nội,outsourcing,13,3396,4,0.171977,0.6173
careerviet:35C767EE,Data & Reporting Deputy Manager,Công Ty Tài Chính Mirae Asset (Việt Nam),DATA_ENGINEER,Data Engineering,Pipelines & Platform,Manager,Hồ Chí Minh,bank_fintech,17,2661,4,0.171072,0.6256
vietnamworks:2041611,Data Analyst,Shinhan Vietnam Finance,DATA_ANALYST,Analytics,Data Analysis & BI,Mid,Hồ Chí Minh,other,3,903,4,0.170489,0.893
careerviet:35C79FD1,Data Engineer,Viet Thai International,DATA_ENGINEER,Data Engineering,Pipelines & Platform,Mid,Hồ Chí Minh,other,15,2577,4,0.170074,0.5904
careerviet:35C6F679,Data Engineer,Công ty Cổ phần Chứng khoán DNSE,DATA_ENGINEER,Data Engineering,Pipelines & Platform,Mid,Hà Nội,bank_fintech,15,3447,4,0.169246,0.6313
careerviet:35C7316F,IT Senior Machine Learning Engineer,Dai-ichi Life Việt Nam,ML_ENGINEER,AI / Machine Learning,ML Engineering,Senior,Hồ Chí Minh,outsourcing,3,2593,4,0.169217,0.7586
vietnamworks:2065767,Senior Sales Performance Analyst - Lending,Be Group Joint Stock Company,BI,Analytics,Data Analysis & BI,Senior,Hồ Chí Minh,product,7,947,4,0.168001,0.6397
vietnamworks:2060057,"Senior Business Intelligence Analyst, SPX Express",CÔNG TY TNHH SPX EXPRESS,BI,Analytics,Data Analysis & BI,Senior,Hồ Chí Minh,outsourcing,5,963,4,0.166623,0.8106
vietnamworks:2057200,Senior IT Business Analyst / Senior IT Consultant,Bosch Global Software Technologies Company Limited,BUSINESS_ANALYST,Analytics,Business / Domain Analysis,Senior,Hồ Chí Minh,outsourcing,2,901,4,0.166502,0.9573
vietnamworks:2059378,Business Analyst,Công Ty Cổ Phần Chứng Khoán KIS Việt Nam,BUSINESS_ANALYST,Analytics,Business / Domain Analysis,Junior,Hồ Chí Minh,bank_fintech,0,906,4,0.166176,1.0
vietnamworks:2038124,"Manager, Bancassurance Business Quality",FWD Vietnam Life Insurance Company Limited,RISK_FRAUD_ANALYST,Analytics,Business / Domain Analysis,Manager,Hồ Chí Minh,bank_fintech,1,983,4,0.166055,0.9745
vietnamworks:2058293,Senior BI Analyst,Bee Logistics Corporation,BI,Analytics,Data Analysis & BI,Senior,Hồ Chí Minh,other,6,943,4,0.165528,0.6614
vietnamworks:2049511,Business Analysis Manager,Tổng Công Ty Cổ Phần Thương Mại Xây Dựng (WTO),BUSINESS_ANALYST,Analytics,Business / Domain Analysis,Manager,Hà Nội,other,0,899,4,0.164634,1.0
vietnamworks:2035762,- IT Business Analyst Specialist,Shinhan Bank Vietnam,BUSINESS_ANALYST,Analytics,Business / Domain Analysis,Mid,Hồ Chí Minh,bank_fintech,4,912,4,0.163718,0.8998
vietnamworks:2056091,Senior IT Business Analyst cum Product Manager,Dai-Ichi Life Vietnam,BUSINESS_ANALYST,Analytics,Business / Domain Analysis,Manager,Hồ Chí Minh,product,0,853,4,0.163675,1.0
vietnamworks:2067357,Business Process Analyst Chuyên Viên Phân Tích Quy Trình Nghiệp Vụ,Vietnamworks' Client,BUSINESS_ANALYST,Analytics,Business / Domain Analysis,Mid,Hồ Chí Minh,other,0,921,4,0.163226,0.9995
vietnamworks:2065310,Product Director,OrgScale Recruitment Sdn Bhd,DATA_LEADERSHIP,Data Leadership,Leadership,Manager,Hà Nội,product,0,821,4,0.162749,1.0
vietnamworks:2059003,Senior Business Analyst Manager,Avery Dennison Vietnam,BUSINESS_ANALYST,Analytics,Business / Domain Analysis,Manager,Hồ Chí Minh,other,2,870,4,0.162651,0.9211
glints:15355665-1304-4a80-a342-847e2e2767e5,Market Research & Data Analyst,Panasonic Việt Nam,DATA_ANALYST,Analytics,Data Analysis & BI,Mid,,other,6,1441,4,0.161836,0.7644
topdev:2111357,Senior Data Product Owner,Techcombank,PRODUCT_ANALYST,Analytics,Business / Domain Analysis,Senior,Hồ Chí Minh,bank_fintech,9,1873,4,0.161313,0.7697
vietnamworks:2064371,Business Intelligence Manager,Dezan Shira & Cộng Sự Việt Nam,BI,Analytics,Data Analysis & BI,Manager,Hồ Chí Minh,other,1,954,4,0.161024,0.9913
glints:2faadfbd-45eb-4fbd-9f43-e4109bc265e9,AI Engineer,Autonomous Inc,AI_ENGINEER,AI / Machine Learning,AI / GenAI Engineering,Mid,,outsourcing,14,3721,4,0.160396,0.5288
vietnamworks:2055756,Senior Marketing Automation & AI Architect,ILA Vietnam,DATA_ENGINEER,Data Engineering,Pipelines & Platform,Senior,Hồ Chí Minh,other,1,955,4,0.159644,0.8624
vietnamworks:2056981,Associate Director - Data Analytics,KPMG Việt Nam,DATA_LEADERSHIP,Data Leadership,Leadership,Manager,Hồ Chí Minh,outsourcing,2,931,4,0.159644,0.9653
vietnamworks:2067860,Analytics / BI Engineer,Công Ty CP Hyundai Aluminum Vina,BI,Analytics,Data Analysis & BI,Mid,Hà Nội,outsourcing,6,922,4,0.15928,0.6445
vietnamworks:2057821,Business Intelligence Analyst,Công Ty Cổ Phần Elmich,BI,Analytics,Data Analysis & BI,Mid,Hà Nội,ecommerce,5,912,4,0.15913,0.7167
topdev:2113223,DATA ENGINEER,CÔNG TY TNHH DREAM TALENT,DATA_ENGINEER,Data Engineering,Pipelines & Platform,Mid,Hồ Chí Minh,other,16,3099,4,0.156843,0.5226
vietnamworks:2066774,IT Business Analyst,Shinhan Vietnam Finance Company Limited,BUSINESS_ANALYST,Analytics,Business / Domain Analysis,Mid,Hồ Chí Minh,outsourcing,1,791,4,0.156395,0.972
topdev:2112034,Data Architect Manager,HEINEKEN Vietnam,DATA_ARCHITECT,Governance & Architecture,Governance & Architecture,Manager,Hồ Chí Minh,product,6,1555,4,0.156023,0.7777
vietnamworks:2060347,Senior CVM Business Analyst,Home Credit Vietnam - Explore Your Dream Team,BUSINESS_ANALYST,Analytics,Business / Domain Analysis,Senior,Hồ Chí Minh,outsourcing,2,805,4,0.155762,0.8597
careerviet:35C77516,Intern AI engineer,Bảo mật,AI_ENGINEER,AI / Machine Learning,AI / GenAI Engineering,Intern,Hồ Chí Minh,outsourcing,10,3166,4,0.155712,0.5209
vietnamworks:2060674,Senior Data Analyst/ Business Intelligence Executive,VUS - The English Center,BI,Analytics,Data Analysis & BI,Senior,Hồ Chí Minh,other,8,1012,4,0.153359,0.5763
vietnamworks:2062161,Sales Force Effectiveness Specialist,Mondelēz Kinh Đô Việt Nam,BUSINESS_ANALYST,Analytics,Business / Domain Analysis,Mid,Hồ Chí Minh,other,4,1001,4,0.153046,0.8259
careerviet:35C783C3,Senior Data Engineer,Ngân Hàng TMCP Phương Đông - OCB,DATA_ENGINEER,Data Engineering,Pipelines & Platform,Senior,Hồ Chí Minh,bank_fintech,19,2683,4,0.152643,0.5346
vietnamworks:2058608,CRM Data Analytics Manager,Abbott,BI,Analytics,Data Analysis & BI,Manager,Hồ Chí Minh,other,1,918,4,0.152406,0.989
topdev:2109568,Business Analyst Asst Manager,CÔNG TY TRÁCH NHIỆM HỮU HẠN JAPFA COMFEED VIỆT NAM,BUSINESS_ANALYST,Analytics,Business / Domain Analysis,Manager,Hồ Chí Minh,other,13,1469,4,0.152288,0.6334
vietnamworks:2056052,ERP BUSINESS SYSTEM ANALYST D365 FnO,"LTP Vietnam., Co Ltd",BUSINESS_ANALYST,Analytics,Business / Domain Analysis,Mid,Hồ Chí Minh,other,0,833,4,0.150783,1.0
careerviet:35C72649,Senior Data Engineer,Ngân Hàng TMCP Quốc Dân (NCB),DATA_ENGINEER,Data Engineering,Pipelines & Platform,Senior,Hà Nội,bank_fintech,20,3294,4,0.150715,0.5743
vietnamworks:2063581,Data Operations Analyst,OrgScale Recruitment Sdn Bhd,DATAOPS,Data Engineering,Pipelines & Platform,Mid,Hà Nội,other,7,948,4,0.149809,0.5721
vietnamworks:2052750,Group Business Intelligence Lead,Công Ty Cổ Phần Openasia,BI,Analytics,Data Analysis & BI,Manager,Hà Nội,other,6,902,4,0.149368,0.618
vietnamworks:2057578,Data Analysis Senior Officer/Supervisor,Mirae Asset Prévoir Life Insurance Company Ltd.,DATA_ANALYST,Analytics,Data Analysis & BI,Senior,Hồ Chí Minh,bank_fintech,5,1017,4,0.148968,0.7746
vietnamworks:2062384,CMI Manager,Vietnamworks' Client,BUSINESS_ANALYST,Analytics,Business / Domain Analysis,Manager,Hồ Chí Minh,outsourcing,1,812,4,0.148131,0.9965
vietnamworks:2058921,Item Data Analyst,CÔNG TY TNHH ALLINGHAM HOME,DATA_ANALYST,Analytics,Data Analysis & BI,Mid,Hồ Chí Minh,product,1,826,4,0.147932,0.9052
glints:5a99a719-4856-467a-994c-4eab600abfe9,Senior Data Engineer,Công ty TNHH Diksha Technologies,DATA_ENGINEER,Data Engineering,Pipelines & Platform,Senior,,other,10,1229,4,0.14633,0.6287
careerviet:35C6E4EC,Head of Database Administration Section,Indovina Bank Ltd.,DBA_DATABASE,Data Engineering,Database / DBA,Manager,Hồ Chí Minh,bank_fintech,6,2087,4,0.146326,0.8252
vietnamworks:2059939,Senior HR Analyst,MiTek Việt Nam,DATA_ANALYST,Analytics,Data Analysis & BI,Senior,Hồ Chí Minh,other,4,897,4,0.146232,0.6743
vietnamworks:2056738,Junior Finance Analyst,Bel,RISK_FRAUD_ANALYST,Analytics,Business / Domain Analysis,Junior,Hồ Chí Minh,other,2,850,4,0.145893,1.0
glints:2e77db32-5ab6-4cca-b383-387e5031375f,Senior AI Engineer (IoT Industrial/Signal & Predictive Maintenan,REC Talents Co.Ltd,AI_ENGINEER,AI / Machine Learning,AI / GenAI Engineering,Senior,,outsourcing,12,3126,4,0.145334,0.5443
vietnamworks:2056655,Associate IT Manager - Commercial Digital Project Lead & Data Analytics,Công Ty Cổ Phần Sữa Quốc Tế Lof,BI,Analytics,Data Analysis & BI,Manager,Hồ Chí Minh,other,8,930,4,0.145304,0.5925
topdev:2112036,Data Analytics Consultant,HEINEKEN Vietnam,DATA_SCIENTIST,AI / Machine Learning,Data / Decision Science,Mid,Hồ Chí Minh,other,9,1386,4,0.145282,0.6675
vietnamworks:2059375,ETF,Công Ty Cổ Phần Chứng Khoán KIS Việt Nam,BUSINESS_ANALYST,Analytics,Business / Domain Analysis,Mid,Hồ Chí Minh,bank_fintech,1,901,4,0.14452,1.0
vietnamworks:2058983,Head Of Product Delivery And Operations,NAB Innovation Centre Vietnam,DATA_LEADERSHIP,Data Leadership,Leadership,Manager,Hồ Chí Minh,product,2,969,4,0.144084,0.8634
vietnamworks:2055455,AI Solution Consultant – Drive Practical AI Transformation In Manufacturing,"Wanek Furniture CO., LTD.",AI_ENGINEER,AI / Machine Learning,AI / GenAI Engineering,Mid,Bình Dương,other,1,923,4,0.142978,0.7787
vietnamworks:2056773,RPA Business Analyst Cum Tester,"Hansae HCM Co., Ltd",BUSINESS_ANALYST,Analytics,Business / Domain Analysis,Mid,Hồ Chí Minh,other,3,959,4,0.142648,0.8864
vietnamworks:2063837,Senior Portfolio Analytics And Reporting Executive,Công Ty Tài Chính TNHH Ngân Hàng TMCP Sài Gòn - Hà Nội (SHBFinance),BUSINESS_ANALYST,Analytics,Business / Domain Analysis,Senior,Hồ Chí Minh,bank_fintech,2,954,4,0.14257,0.9678
vietnamworks:2054961,Financial Analyst,Văn Phòng Phú Thái Group,RISK_FRAUD_ANALYST,Analytics,Business / Domain Analysis,Mid,Hà Nội,other,3,836,4,0.142196,0.6277
vietnamworks:2057855,Sales Operations Specialist,Schneider Electric Vietnam Limited,BUSINESS_ANALYST,Analytics,Business / Domain Analysis,Mid,Hồ Chí Minh,other,1,865,4,0.140426,0.9861
vietnamworks:2064342,Data Analyst,Công Ty TNHH Ô Tô Isuzu Việt Nam,DATA_ANALYST,Analytics,Data Analysis & BI,Mid,Hồ Chí Minh,other,7,855,4,0.139763,0.5422
vietnamworks:2064578,IT Director,Công Ty Cổ Phần Uniben,DATA_GOVERNANCE,Governance & Architecture,Governance & Architecture,Manager,Hồ Chí Minh,other,5,897,4,0.13771,0.6697
vietnamworks:2057464,Business Process Analyst,CÔNG TY TNHH VISY GLOBAL LOGISTICS (VIỆT NAM),BUSINESS_ANALYST,Analytics,Business / Domain Analysis,Mid,Hồ Chí Minh,outsourcing,2,917,4,0.137051,0.8843
vietnamworks:2058925,Financial Planning & Business Analyst,Insee Vietnam,BUSINESS_ANALYST,Analytics,Business / Domain Analysis,Mid,Hồ Chí Minh,other,2,985,4,0.13619,0.8461
vietnamworks:2055336,Risk Modeling Supervisor,Mirae Asset Finance Company (Viet Nam) Ltd.,RISK_FRAUD_ANALYST,Analytics,Business / Domain Analysis,Mid,Hồ Chí Minh,other,2,770,4,0.135756,0.8265
vietnamworks:2059260,Quote Engineer,Công Ty TNHH C-Hawk Technology Việt Nam,DATA_ENGINEER,Data Engineering,Pipelines & Platform,Mid,Bình Dương,other,3,966,4,0.134502,0.8821
vietnamworks:2061537,Computer Vision Engineer,Vietnamworks' Client,CV_NLP,AI / Machine Learning,AI / GenAI Engineering,Mid,Hà Nội,outsourcing,1,934,4,0.134289,0.6314
glints:56904b52-8be1-441d-8833-05cf31c21960,Data Engineer,"The Code Talent Co,. Ltd",DATA_ENGINEER,Data Engineering,Pipelines & Platform,Mid,,other,30,2467,4,0.134205,0.4725
careerviet:35C742E5,Senior AI Engineer,DIGI-TEXX Vietnam,AI_ENGINEER,AI / Machine Learning,AI / GenAI Engineering,Senior,Hồ Chí Minh,outsourcing,6,1666,4,0.134165,0.5405
vietnamworks:2065284,Marketing Intelligence Manager,Vietnam Australia International School (VAS),BI,Analytics,Data Analysis & BI,Manager,Hồ Chí Minh,other,9,1080,4,0.134048,0.5345
topdev:2111197,Business Intelligence,"CyberLogitec Vietnam Co., Ltd.",BI,Analytics,Data Analysis & BI,Mid,Hồ Chí Minh,other,8,786,4,0.133574,0.5519
vietnamworks:2058707,Skin Cleansing Vietnam Demand Planner,Unilever Vietnam,BUSINESS_ANALYST,Analytics,Business / Domain Analysis,Mid,Hồ Chí Minh,other,3,940,4,0.133087,0.7415
vietnamworks:2056067,Senior Business Finance Analyst,"Piaggio Vietnam Co., Ltd (Pvn)",BUSINESS_ANALYST,Analytics,Business / Domain Analysis,Senior,Vĩnh Phúc,other,1,832,4,0.133038,0.8491
vietnamworks:2068002,GTM Manager - Consumer Electronics & Home Appliances,Công Ty TNHH Công Nghệ Smart- Link Việt Nam,BUSINESS_ANALYST,Analytics,Business / Domain Analysis,Manager,Hồ Chí Minh,product,1,908,4,0.132923,1.0
vietnamworks:2062458,Nhân Viên Kế Hoạch Kinh Doanh Thành Thạo Tiếng Anh,Công Ty TNHH YKK Việt Nam,BUSINESS_ANALYST,Analytics,Business / Domain Analysis,Mid,Hà Nội,other,3,850,4,0.13264,0.6804
careerviet:35C790F3,Chuyên viên Hoạch định và Phân tích tài chính,CÔNG TY CỔ PHẦN THƯƠNG MẠI DỊCH VỤ SẢN XUẤT HƯƠNG THỦY,RISK_FRAUD_ANALYST,Analytics,Business / Domain Analysis,Mid,Hồ Chí Minh,bank_fintech,5,3669,4,0.132567,0.4521
vietnamworks:2068199,Digital Transformation Engineer,Hoya Glass Disk Vietnam II,DATA_ENGINEER,Data Engineering,Pipelines & Platform,Mid,Hưng Yên,other,3,875,4,0.132422,0.712
vietnamworks:2052938,Analyst,Profectus Vietnam Co. Ltd.,BUSINESS_ANALYST,Analytics,Business / Domain Analysis,Mid,Hồ Chí Minh,other,3,863,4,0.131985,0.8148
vietnamworks:2036452,Assistant Credit Risk Analytics Manager,Shinhan Vietnam Finance Company (Shinhan Finance),RISK_FRAUD_ANALYST,Analytics,Business / Domain Analysis,Manager,Hồ Chí Minh,other,4,940,4,0.131948,0.8025
vietnamworks:2054914,Customer Service & Logistics Data Specialist,CÔNG TY TNHH HDS DỊCH VỤ VIỆT NAM,BUSINESS_ANALYST,Analytics,Business / Domain Analysis,Mid,Hồ Chí Minh,other,1,901,4,0.131925,0.9771
vietnamworks:2064209,"Data & Reporting Officer, Credit Administration & Supervision Department, Head Office",Public Bank Vietnam Ltd,BI,Analytics,Data Analysis & BI,Mid,Hà Nội,bank_fintech,6,944,4,0.131299,0.5965
careerviet:35C72F95,Data Engineer & Dashboard,Công ty TNHH Japfa Comfeed Việt Nam,DATA_ENGINEER,Data Engineering,Pipelines & Platform,Mid,,other,17,1480,4,0.130832,0.5114
vietnamworks:2056572,International Fraud & Risk Management Expert,Navigos Search's Client,RISK_FRAUD_ANALYST,Analytics,Business / Domain Analysis,Senior,Hà Nội,other,1,972,4,0.13068,1.0
vietnamworks:2059395,Chuyên Viên Phân Tích Nghiệp Vụ,Công Ty Cổ Phần Chứng Khoán SSI,BUSINESS_ANALYST,Analytics,Business / Domain Analysis,Mid,Hà Nội,bank_fintech,0,780,4,0.130218,1.0
vietnamworks:2055230,Data & Digital Business Partner - Business Analyst,De Heus LLC,BUSINESS_ANALYST,Analytics,Business / Domain Analysis,Mid,Hồ Chí Minh,outsourcing,7,986,4,0.130183,0.563
vietnamworks:2067868,AI Agent / Workflow Developer,Công Ty CP Hyundai Aluminum Vina,AI_ENGINEER,AI / Machine Learning,AI / GenAI Engineering,Mid,Hà Nội,other,3,794,4,0.130116,0.6609
vietnamworks:2059471,Product Planning Senior Staff,Panasonic Appliances Vietnam,PRODUCT_ANALYST,Analytics,Business / Domain Analysis,Lead,Hưng Yên,product,4,812,4,0.129535,0.6814
vietnamworks:2059547,AI Platform Engineer,Trung Tâm Bán Dẫn Viettel (Viettel Semi),GENAI_LLM,AI / Machine Learning,AI / GenAI Engineering,Mid,Hà Nội,outsourcing,3,927,4,0.129327,0.6572
vietnamworks:2055452,AI Technical Lead – Build Real AI Solutions For Manufacturing,"Wanek Furniture CO., LTD.",CV_NLP,AI / Machine Learning,AI / GenAI Engineering,Manager,Bình Dương,outsourcing,4,946,4,0.128964,0.545
vietnamworks:2064937,Product Marketing Manager,Samsung Vina Electronics (Savina-S),PRODUCT_ANALYST,Analytics,Business / Domain Analysis,Manager,Hồ Chí Minh,product,1,903,4,0.128933,0.9916
vietnamworks:2063117,AI & Revenue Intelligence Lead,WOWSUITE SOFTWARE,DATA_SCIENTIST,AI / Machine Learning,Data / Decision Science,Manager,Hồ Chí Minh,ecommerce,4,916,4,0.128254,0.6907
vietnamworks:2068234,Sales Data Admin,Rentokil Initial (Viet Nam) Limited Company,DATA_ANALYST,Analytics,Data Analysis & BI,Mid,Hồ Chí Minh,product,1,796,4,0.128247,0.9824
vietnamworks:2065445,HR Data Management and Analytics Senior Specialist,Prudential Vietnam Assurance,BI,Analytics,Data Analysis & BI,Senior,Hồ Chí Minh,other,5,969,4,0.128019,0.5456
vietnamworks:2068299,Head Of Data Architect,Navigos Search's Client,DATA_ARCHITECT,Governance & Architecture,Governance & Architecture,Manager,Hà Nội,other,3,855,4,0.127523,0.7761
vietnamworks:2065729,"AI Engineering, Specialist",AIA Vietnam (Great Place To Work® Certified),AI_ENGINEER,AI / Machine Learning,AI / GenAI Engineering,Mid,Hồ Chí Minh,other,5,962,4,0.127409,0.5668
vietnamworks:2055478,Data Analyst & Reporting Associate,Shinhan Vietnam Finance Company Limited,DATA_ANALYST,Analytics,Data Analysis & BI,Mid,Hồ Chí Minh,other,4,833,4,0.126975,0.7289
vietnamworks:2061278,IWPB Business Management Officer,HSBC Vietnam,BUSINESS_ANALYST,Analytics,Business / Domain Analysis,Mid,Hồ Chí Minh,bank_fintech,2,888,4,0.126556,0.8904
vietnamworks:2066009,Senior Data Engineer,Navigos Search's Client,DATA_ENGINEER,Data Engineering,Pipelines & Platform,Senior,Hà Nội,outsourcing,5,926,4,0.126463,0.6173
vietnamworks:2056693,SAP Data Migration Consultant,Bosch Global Software Technologies Company Limited,DATA_ENGINEER,Data Engineering,Pipelines & Platform,Mid,Hồ Chí Minh,outsourcing,1,797,4,0.125705,0.9538
vietnamworks:2056768,Director,CÔNG TY CỔ PHẦN VINSMART FUTURE,DATA_LEADERSHIP,Data Leadership,Leadership,Manager,Hồ Chí Minh,product,4,764,4,0.124896,0.7869
vietnamworks:2065513,"Specialist, BI & Process Automation","DKSH Vietnam Co., Ltd.",BI,Analytics,Data Analysis & BI,Mid,Hồ Chí Minh,outsourcing,6,844,4,0.124663,0.577
vietnamworks:2056142,Senior Data Engineer,Công Ty TNHH Tentamus Việt Nam,DATA_ENGINEER,Data Engineering,Pipelines & Platform,Senior,Cần Thơ,other,7,971,4,0.124523,0.6119
topdev:2111414,"Executive, Operations Excellence Ecommerce",DKSH Việt Nam,BUSINESS_ANALYST,Analytics,Business / Domain Analysis,Mid,Hồ Chí Minh,ecommerce,5,858,4,0.123916,0.8179
vietnamworks:2068045,Demand Planning Executive,Pizza 4P's,BUSINESS_ANALYST,Analytics,Business / Domain Analysis,Mid,Hồ Chí Minh,other,1,915,4,0.123579,1.0
vietnamworks:2064370,Business Intelligent Junior,Dezan Shira & Cộng Sự Việt Nam,BI,Analytics,Data Analysis & BI,Junior,Hồ Chí Minh,other,2,871,4,0.122799,0.9786
vietnamworks:2067743,Head of Learning & Development,Tập Đoàn Karofi Holding,DATA_LEADERSHIP,Data Leadership,Leadership,Manager,Hà Nội,other,0,892,4,0.122564,0.8402
vietnamworks:2056458,Sales Operation Executive,HEINEKEN Vietnam,BUSINESS_ANALYST,Analytics,Business / Domain Analysis,Mid,Hồ Chí Minh,other,3,869,4,0.122514,0.7232
vietnamworks:2062678,Growth Operations Associate,CÔNG TY TNHH SPX EXPRESS,BUSINESS_ANALYST,Analytics,Business / Domain Analysis,Lead,Hà Nội,ecommerce,3,912,4,0.121581,0.8769
vietnamworks:2041047,Sales Planning Staff,Daikin Air Conditioning (Vietnam) Joint Stock Company,BUSINESS_ANALYST,Analytics,Business / Domain Analysis,Lead,Hồ Chí Minh,other,2,834,4,0.121425,0.9629
vietnamworks:2053616,Research and Teaching Assistant in Data Science and Operations Research/optimization,VGU - Vietnamese German University,DATA_SCIENTIST,AI / Machine Learning,Data / Decision Science,Mid,Bình Dương,other,5,1089,4,0.120899,0.6095
vietnamworks:2057490,Junior Product Executive,Hongkong Xinxin AI Technology LTD,PRODUCT_ANALYST,Analytics,Business / Domain Analysis,Junior,Hà Nội,product,4,864,4,0.120688,0.7831
vietnamworks:2066068,Supply Chain Analyst,Van Thiel & Co.,BUSINESS_ANALYST,Analytics,Business / Domain Analysis,Mid,Hồ Chí Minh,other,3,815,4,0.120537,0.8761
vietnamworks:2066987,Senior Operations Analyst,ONPOINT COMPANY LIMITED,BUSINESS_ANALYST,Analytics,Business / Domain Analysis,Senior,Hồ Chí Minh,other,1,868,4,0.120053,0.9384
vietnamworks:2067417,Senior Finance Risk and Controls Analyst,Intel Products Vietnam,RISK_FRAUD_ANALYST,Analytics,Business / Domain Analysis,Senior,Hồ Chí Minh,other,0,850,4,0.120008,1.0
vietnamworks:2060599,"Senior Officer, Data Translator - TechcomLife",Techcombank,BUSINESS_ANALYST,Analytics,Business / Domain Analysis,Senior,Hà Nội,bank_fintech,7,901,4,0.119581,0.6001
vietnamworks:2063235,Sales Planning Analyst,Shinhan Vietnam Finance Company Limited,BUSINESS_ANALYST,Analytics,Business / Domain Analysis,Mid,Hồ Chí Minh,other,1,824,4,0.119496,0.9074
vietnamworks:2063794,Manager - Data Governance,PwC (Vietnam) Ltd.,DATA_GOVERNANCE,Governance & Architecture,Governance & Architecture,Manager,Hà Nội,other,4,917,4,0.119355,0.7195
vietnamworks:2044474,Business Intelligence Specialist,NEYU,BI,Analytics,Data Analysis & BI,Senior,Hà Nội,other,9,917,4,0.118833,0.5517
vietnamworks:2065903,Strategy Data Manager,ONPOINT COMPANY LIMITED,DATA_LEADERSHIP,Data Leadership,Leadership,Manager,Hồ Chí Minh,product,0,887,4,0.11876,0.9866
vietnamworks:2056282,Quality Assurance Manager,Navigos Search's Client,DATA_GOVERNANCE,Governance & Architecture,Governance & Architecture,Manager,Hà Nội,other,1,792,4,0.117763,0.9722
vietnamworks:2067855,Data Engineer,Công Ty CP Hyundai Aluminum Vina,DATA_ENGINEER,Data Engineering,Pipelines & Platform,Mid,Hà Nội,product,9,895,4,0.117271,0.5166
vietnamworks:2056144,Senior Power BI Developer / Data Analyst,Công Ty TNHH Tentamus Việt Nam,BI,Analytics,Data Analysis & BI,Senior,Cần Thơ,other,4,933,4,0.117197,0.5424
vietnamworks:2068274,"Senior Manager, Data Science",Navigos Search's Client,DATA_LEADERSHIP,Data Leadership,Leadership,Manager,Hà Nội,other,4,893,4,0.116958,0.5751
vietnamworks:2035764,- MIS DEVELOPER,Shinhan Bank Vietnam,DATA_ANALYST,Analytics,Data Analysis & BI,Mid,Hồ Chí Minh,bank_fintech,7,735,4,0.11666,0.5503
vietnamworks:2058096,"Manager - Valuation, Modeling and Economics - Hanoi Office",Ernst & Young Vietnam Limited (EY Vietnam),BUSINESS_ANALYST,Analytics,Business / Domain Analysis,Manager,Hà Nội,outsourcing,5,884,4,0.116431,0.664
vietnamworks:2065575,Assistant - Production Fresh graduate or 1-2 years experiences,Công Ty TNHH Trelleborg Việt Nam,DATA_ANALYST,Analytics,Data Analysis & BI,Mid,,other,2,919,4,0.115632,0.8891
vietnamworks:2066447,Intern - Credit Risk Consulting,PwC (Vietnam) Ltd.,RISK_FRAUD_ANALYST,Analytics,Business / Domain Analysis,Intern,Hà Nội,other,5,897,4,0.114899,0.7541
vietnamworks:2052937,Junior DataOps Engineer,Profectus Vietnam Co. Ltd.,DATAOPS,Data Engineering,Pipelines & Platform,Junior,Hồ Chí Minh,outsourcing,6,977,4,0.114806,0.6122
vietnamworks:2059026,"Head Of Reporting, Governance Program Execution And Third-Party Risk Management",NAB Innovation Centre Vietnam,DATA_GOVERNANCE,Governance & Architecture,Governance & Architecture,Manager,Hà Nội,other,3,964,4,0.113183,0.8189
vietnamworks:2058001,Data Analyst,Avery Dennison Vietnam,DATA_ANALYST,Analytics,Data Analysis & BI,Mid,Bắc Ninh,outsourcing,5,894,4,0.113021,0.6013
vietnamworks:2067019,Chief Strategy Officer,Công ty cổ phần Chứng khoán VPS (VPS),DATA_LEADERSHIP,Data Leadership,Leadership,Manager,Hà Nội,bank_fintech,0,896,4,0.112731,1.0
topdev:2111457,Remote Data Engineer - AI Data Platform Japan,SalesNow Inc.,DATA_ENGINEER,Data Engineering,Pipelines & Platform,Mid,,other,13,2572,4,0.112116,0.5334
vietnamworks:2056352,AI Solution Architect,Công Ty Cổ Phần Sunteco,AI_ENGINEER,AI / Machine Learning,AI / GenAI Engineering,Mid,Hà Nội,other,3,876,4,0.111927,0.6286
vietnamworks:2064225,RPA & AI Automation Engineer,Odyssey Resources (Vietnam) Limited.,AI_ENGINEER,AI / Machine Learning,AI / GenAI Engineering,Mid,Hồ Chí Minh,outsourcing,1,864,4,0.111521,0.7067
vietnamworks:2055311,Data & Reporting Deputy Manager,Mirae Asset Finance Company (Viet Nam) Ltd.,DATA_ENGINEER,Data Engineering,Pipelines & Platform,Manager,Hồ Chí Minh,product,10,933,4,0.111209,0.5299
vietnamworks:2066621,AI Evaluator | Remote,Ebit,CV_NLP,AI / Machine Learning,AI / GenAI Engineering,Junior,Hồ Chí Minh,other,1,830,4,0.110537,0.8396
careerviet:35C7A8FE,Business Intelligence Engineer,Công Ty CP Việt Tinh Anh,BI,Analytics,Data Analysis & BI,Mid,Hồ Chí Minh,product,14,1683,4,0.110082,0.4969
vietnamworks:2041585,Data Governance & Master Data Management Supervisor,Anheuser- Busch Inbev (AB Inbev),DATA_GOVERNANCE,Governance & Architecture,Governance & Architecture,Mid,Hồ Chí Minh,other,3,769,4,0.10973,0.8281
topdev:2106629,SENIOR DATA ENGINEER,CÔNG TY TNHH SOCOTEC VIỆT NAM,DATA_ENGINEER,Data Engineering,Pipelines & Platform,Senior,Hà Nội,product,18,3526,4,0.109602,0.4683
vietnamworks:2068631,RPA Developer,Navigos Search's Client,DATA_ENGINEER,Data Engineering,Pipelines & Platform,Mid,Hà Nội,other,4,840,4,0.109269,0.5715
vietnamworks:2065727,Product Analyst,GEEK Up,PRODUCT_ANALYST,Analytics,Business / Domain Analysis,Mid,Hà Nội,bank_fintech,2,746,4,0.108684,0.9086
vietnamworks:2068320,Head Of Al Factory,Navigos Search's Client,DATA_LEADERSHIP,Data Leadership,Leadership,Manager,Hà Nội,other,3,531,4,0.107659,0.5303
vietnamworks:2068353,AI/ Automation Engineer,ONPOINT COMPANY LIMITED,AI_ENGINEER,AI / Machine Learning,AI / GenAI Engineering,Mid,Hồ Chí Minh,other,3,915,4,0.107441,0.6102
vietnamworks:2068363,Socom QC Analyst,ONPOINT COMPANY LIMITED,DATA_GOVERNANCE,Governance & Architecture,Governance & Architecture,Mid,Hồ Chí Minh,other,4,959,4,0.107132,0.6964
vietnamworks:2067952,Oracle Database Administrator,Unigen Vietnam Hanoi Co.Ltd,DBA_DATABASE,Data Engineering,Database / DBA,Mid,Bắc Ninh,other,3,897,4,0.106861,0.8608
vietnamworks:2045217,Sales Performance Senior Officer,United Overseas Bank (Vietnam) Limited (UOB),BUSINESS_ANALYST,Analytics,Business / Domain Analysis,Senior,Hồ Chí Minh,bank_fintech,3,835,4,0.105989,0.8134
vietnamworks:2063472,AI Transformation Coordinator,Công Ty Easia Travel,DATA_GOVERNANCE,Governance & Architecture,Governance & Architecture,Mid,Hà Nội,other,2,889,4,0.105698,0.7431
vietnamworks:2060564,AI Engineer,Techcombank,AI_ENGINEER,AI / Machine Learning,AI / GenAI Engineering,Mid,Hà Nội,bank_fintech,9,924,4,0.105075,0.4552
vietnamworks:2056767,Head of Data Privacy & Compliance,CÔNG TY CỔ PHẦN VINSMART FUTURE,DATA_LEADERSHIP,Data Leadership,Leadership,Manager,Hồ Chí Minh,other,0,843,4,0.103246,0.9838
vietnamworks:2043107,Business Risk & Control Senior Officer,United Overseas Bank (Vietnam) Limited (UOB),RISK_FRAUD_ANALYST,Analytics,Business / Domain Analysis,Senior,Hồ Chí Minh,bank_fintech,1,852,4,0.10195,0.9961
vietnamworks:2058294,Agentic Ai,FPT Software,AI_ENGINEER,AI / Machine Learning,AI / GenAI Engineering,Mid,Hồ Chí Minh,outsourcing,2,854,4,0.101589,0.6468
vietnamworks:2055027,Trade Marketing Manager - FMCG,Navigos Search,BUSINESS_ANALYST,Analytics,Business / Domain Analysis,Manager,Hồ Chí Minh,ecommerce,1,400,4,0.100346,0.9538
vietnamworks:2058300,Senior Database Engineering - Governance,FPT Software,DATA_ENGINEER,Data Engineering,Pipelines & Platform,Senior,Hồ Chí Minh,outsourcing,5,884,4,0.100303,0.6354
vietnamworks:2067849,Kỹ Sư/kỹ Sư Cao Cấp Về Tự Động Hóa,Hoya Glass Disk Vietnam,AI_ENGINEER,AI / Machine Learning,AI / GenAI Engineering,Senior,Hà Nội,other,2,798,4,0.098488,0.8998
vietnamworks:2036852,Sales Productivity Management Senior Officer,United Overseas Bank (Vietnam) Limited (UOB),BUSINESS_ANALYST,Analytics,Business / Domain Analysis,Senior,Hồ Chí Minh,bank_fintech,4,847,4,0.098309,0.6596
vietnamworks:2056610,AI Developer,KPMG Việt Nam,AI_ENGINEER,AI / Machine Learning,AI / GenAI Engineering,Mid,Hồ Chí Minh,outsourcing,6,834,4,0.096174,0.5329
careerviet:35C702C1,Senior Data Scientist,CÔNG TY TNHH GALAXY DIGITAL HOLDINGS,DATA_SCIENTIST,AI / Machine Learning,Data / Decision Science,Senior,Hồ Chí Minh,product,13,2233,4,0.095825,0.333
vietnamworks:2068726,Home Racer - Product Specialist,Home Credit Vietnam - Explore Your Dream Team,PRODUCT_ANALYST,Analytics,Business / Domain Analysis,Junior,Hồ Chí Minh,other,2,839,4,0.09573,0.9878
vietnamworks:2059135,Senior Fraud Risk Analyst - Chuyên Viên Phân Tích Rủi Ro Gian Lận,Cake by VPBank,RISK_FRAUD_ANALYST,Analytics,Business / Domain Analysis,Senior,Hà Nội,bank_fintech,3,862,4,0.095474,0.6949
vietnamworks:2059185,Data Engineer,KPMG Việt Nam,DATA_ENGINEER,Data Engineering,Pipelines & Platform,Mid,Hồ Chí Minh,outsourcing,9,891,4,0.09469,0.5082
vietnamworks:2065652,Data Analysis,"Delfortgroup/ Wattens Vietnam CO., Ltd",DATA_ANALYST,Analytics,Data Analysis & BI,Mid,Bình Dương,other,7,1019,4,0.094095,0.5262
vietnamworks:2056881,Database Administrator,Công Ty TNHH Socotec Việt Nam,DBA_DATABASE,Data Engineering,Database / DBA,Mid,Hà Nội,other,3,728,4,0.093336,0.8781
vietnamworks:2061845,ICT Database Administration Supervisor,Shinhan Vietnam Finance Company Limited,DBA_DATABASE,Data Engineering,Database / DBA,Mid,Hồ Chí Minh,other,9,1032,4,0.090198,0.6106
vietnamworks:2058663,Financial Information Management & Data Engineering Manager,United Overseas Bank (Vietnam) Limited (UOB),DATA_ENGINEER,Data Engineering,Pipelines & Platform,Manager,Hồ Chí Minh,bank_fintech,7,952,4,0.08733,0.6575
vietnamworks:2060959,Planning Officer,"Chailease International Leasing Co., Ltd. (Head Office)",BUSINESS_ANALYST,Analytics,Business / Domain Analysis,Mid,Hồ Chí Minh,other,3,460,4,0.086869,0.8877
vietnamworks:2068691,Home Racer - Data Analyst,Home Credit Vietnam - Explore Your Dream Team,DATA_ANALYST,Analytics,Data Analysis & BI,Junior,Hồ Chí Minh,other,5,880,4,0.085898,0.6671
vietnamworks:2066303,AI Engineer Agentic AI Platform,CÔNG TY CỔ PHẦN UDATA,AI_ENGINEER,AI / Machine Learning,AI / GenAI Engineering,Mid,Hà Nội,other,3,935,4,0.085684,0.5673
vietnamworks:2055113,Analysis Engineer,Công Ty TNHH LG Display Việt Nam Hải Phòng,ANALYTICS_ENGINEER,Data Engineering,Pipelines & Platform,Mid,Hải Phòng,other,1,602,4,0.085202,0.7585
vietnamworks:2067775,Data Scientist,Công Ty TNHH T.M.G,DATA_SCIENTIST,AI / Machine Learning,Data / Decision Science,Mid,Hồ Chí Minh,other,0,362,4,0.084994,0.9327
vietnamworks:2067352,Data Analysis Officer / Nhân Viên Phân Tích & Xử Lý Dữ Liệu,Vietnamworks' Client,DATA_ANALYST,Analytics,Data Analysis & BI,Mid,Hồ Chí Minh,ecommerce,3,648,4,0.083885,0.4357
vietnamworks:2068493,Fraud Parameter Strategy Manager,United Overseas Bank (Vietnam) Limited (UOB),RISK_FRAUD_ANALYST,Analytics,Business / Domain Analysis,Manager,Hồ Chí Minh,bank_fintech,2,840,4,0.082888,0.945
vietnamworks:2062369,Gaming Analyst,The Grand Ho Tram,BUSINESS_ANALYST,Analytics,Business / Domain Analysis,Mid,Hồ Chí Minh,other,2,815,4,0.082297,0.7091
vietnamworks:2068678,Home Racer - Data Engineer,Home Credit Vietnam - Explore Your Dream Team,DATA_ENGINEER,Data Engineering,Pipelines & Platform,Junior,Hồ Chí Minh,other,7,891,4,0.082282,0.6206
vietnamworks:2056305,Trade Marketing Staff,Công Ty TNHH Bán Lẻ Fujimart Việt Nam,BUSINESS_ANALYST,Analytics,Business / Domain Analysis,Lead,Hà Nội,ecommerce,3,474,4,0.081954,0.8121
vietnamworks:2063192,AI Data Labeling Intern,Simpson Strong-Tie Vietnam Company Limited,ML_ENGINEER,AI / Machine Learning,ML Engineering,Intern,Hồ Chí Minh,other,0,762,4,0.080833,0.6073
vietnamworks:2065898,Trợ Lý Nhãn Hàng,Asiafoods Corporation,PRODUCT_ANALYST,Analytics,Business / Domain Analysis,Mid,Hồ Chí Minh,ecommerce,2,523,4,0.079061,0.5591
vietnamworks:2061755,Database Engineer,CÔNG TY TNHH NEXT WAVE ENERGY MONITORING,DBA_DATABASE,Data Engineering,Database / DBA,Mid,Hồ Chí Minh,other,9,861,4,0.076977,0.6534
topdev:2111430,Product Data Engineer,CÔNG TY CỔ PHẦN JEMMIA,DATA_ENGINEER,Data Engineering,Pipelines & Platform,Mid,Hồ Chí Minh,product,3,721,4,0.076468,0.6478
vietnamworks:2057850,Senior Data Engineer,Bosch Global Software Technologies Company Limited,DATA_ENGINEER,Data Engineering,Pipelines & Platform,Senior,Hồ Chí Minh,outsourcing,13,932,4,0.075332,0.3771
vietnamworks:2067043,Senior Data Engineer,Archetype Vietnam Ltd.,DATA_ENGINEER,Data Engineering,Pipelines & Platform,Senior,Hồ Chí Minh,other,5,782,4,0.073825,0.511
vietnamworks:2068519,Fraud Data Analysis Reporting Senior Officer,United Overseas Bank (Vietnam) Limited (UOB),RISK_FRAUD_ANALYST,Analytics,Business / Domain Analysis,Senior,Hồ Chí Minh,bank_fintech,2,753,4,0.071611,0.8649
