job_id,title_clean,company,job_family,jf_domain,jf_subdomain,seniority,city,company_type,n_skills,cluster_id
topdev:2112037,Senior D&A Developer,HEINEKEN Vietnam,BI,Analytics,Data Analysis & BI,Senior,Hồ Chí Minh,retail_consumer,11,0
careerviet:35C76A98,IT Business Analyst,Công Ty Tài Chính Mirae Asset (Việt Nam),BUSINESS_ANALYST,Analytics,Business / Domain Analysis,Mid,Hồ Chí Minh,bank_finance,6,0
careerviet:35C77385,Nhân viên Phân tích nghiệp vụ,Công Ty Cổ Phần Giải Pháp Thanh Toán Việt Nam (VNPAY),BUSINESS_ANALYST,Analytics,Business / Domain Analysis,Mid,Hà Nội,bank_finance,3,0
careerviet:35C78EA5,IT Junior Application Analyst,Techtronic Industries Vietnam Manufacturing Company Limited,BUSINESS_ANALYST,Analytics,Business / Domain Analysis,Junior,Hồ Chí Minh,manufacturing,4,0
careerviet:35C793DA,Chuyên viên phân tích nghiệp vụ 20-30 triệu + thưởng hàng tháng,CÔNG TY CỔ PHẦN PHÁT TRIỂN CƠ ĐIỆN LẠNH HOÀNG ĐẠT,BUSINESS_ANALYST,Analytics,Business / Domain Analysis,Mid,Hà Nội,manufacturing,1,0
careerviet:35C7958C,Business Analyst,CÔNG TY TNHH CÔNG NGHỆ B2B,BUSINESS_ANALYST,Analytics,Business / Domain Analysis,Junior,Hồ Chí Minh,tech_software,7,0
itviec:08ca65c3-b3dd-489a-9488-26f72d302a2b,Middle Business Analyst,GON TECH,BUSINESS_ANALYST,Analytics,Business / Domain Analysis,Mid,Hồ Chí Minh,tech_software,11,0
itviec:09d20403-76db-45d0-b524-040fd33bdae7,Technical Business Analyst,LINH LONG ELECTRONIC ENGINEERING,BUSINESS_ANALYST,Analytics,Business / Domain Analysis,Mid,Hồ Chí Minh,manufacturing,7,0
itviec:126cc3b2-7e5a-486f-853d-8ff033e0b54c,IT Business Analyst Presales,EMESOFT,BUSINESS_ANALYST,Analytics,Business / Domain Analysis,Mid,Hồ Chí Minh,tech_software,5,0
itviec:15eaa393-1cd8-4fa9-b4cc-69067c1ff118,Middle/Senior Business Analyst,Alpaca Vietnam,BUSINESS_ANALYST,Analytics,Business / Domain Analysis,Senior,Hồ Chí Minh,unknown,5,0
itviec:18d299b3-e6a4-4ca7-968a-febd1611c762,Senior Product Owner,One Mount Group,BUSINESS_ANALYST,Analytics,Business / Domain Analysis,Senior,Hà Nội,tech_software,6,0
itviec:2716977d-1661-4807-aadb-bb64a2cb7d1b,Expert/Sr. IT Business Analyst,FE CREDIT,BUSINESS_ANALYST,Analytics,Business / Domain Analysis,Senior,Hồ Chí Minh,bank_finance,5,0
itviec:332987a8-2c53-4888-b26b-4e8e15e1678c,IT Business Analyst,PAL TECH,BUSINESS_ANALYST,Analytics,Business / Domain Analysis,Mid,Hồ Chí Minh,tech_software,2,0
itviec:460b0bb9-d47b-430a-86d0-747080df5c68,Business Analyst,Saigon Technology,BUSINESS_ANALYST,Analytics,Business / Domain Analysis,Mid,Hồ Chí Minh,tech_software,9,0
itviec:467e2a38-3ee0-4359-8edb-d3dbef3a8dd9,Business Analyst - Middle+ - Upto 2000$,Viettel Post (A Member of Viettel Group),BUSINESS_ANALYST,Analytics,Business / Domain Analysis,Mid,Hà Nội,logistics,4,0
itviec:51a51362-f6a5-40d0-b2cd-e9ab245ee522,Product Owner,Earth Venture,BUSINESS_ANALYST,Analytics,Business / Domain Analysis,Mid,Hồ Chí Minh,unknown,3,0
itviec:5a20d7b7-6a84-4554-b747-60e824cc492c,IT Business Analyst,Laidon Group,BUSINESS_ANALYST,Analytics,Business / Domain Analysis,Mid,Đà Nẵng,unknown,3,0
itviec:60dcf0fc-4688-40d2-ac57-182b4b4f7fca,Business Analyst,CÔNG TY CỔ PHẦN CÔNG NGHỆ & TRÍ TUỆ NHÂN TẠO ASTRAL-X,BUSINESS_ANALYST,Analytics,Business / Domain Analysis,Mid,Hà Nội,tech_software,3,0
itviec:61417c67-16d7-41df-8cd3-b053022ed27d,Business Analyst | Lending,Innotech Vietnam Corporation,BUSINESS_ANALYST,Analytics,Business / Domain Analysis,Senior,Hồ Chí Minh,tech_software,5,0
itviec:6152f075-4d87-4536-98a1-1aafc71d82be,Senior / Lead Business Analyst,VIHAT Technology,BUSINESS_ANALYST,Analytics,Business / Domain Analysis,Lead,Hồ Chí Minh,tech_software,6,0
itviec:69262a1d-b111-4a17-970b-1780579a43a3,Senior Business Analyst,Excel Technologies,BUSINESS_ANALYST,Analytics,Business / Domain Analysis,Senior,Hồ Chí Minh,tech_software,7,0
itviec:6d7e4a83-e0f5-4f10-a283-353f3a13aa27,Business Analyst,TRUONG MINH THINH TECHNOLOGY JOINT STOCK COMPANY,BUSINESS_ANALYST,Analytics,Business / Domain Analysis,Senior,Hồ Chí Minh,education,5,0
itviec:6fe8faa5-1e27-4685-824e-84932991302c,Business Analyst,xboss,BUSINESS_ANALYST,Analytics,Business / Domain Analysis,Mid,Hồ Chí Minh,unknown,4,0
itviec:71ead403-73a5-4107-ab5d-a8c5acc68f0d,Business Analyst,Công ty Cổ phần Cơ điện lạnh Hoàng Đạt,BUSINESS_ANALYST,Analytics,Business / Domain Analysis,Mid,Hà Nội,manufacturing,2,0
itviec:7994b818-c481-447c-b39e-d64fb0c0e6d2,Junior Business Analyst-Chuyên viên Phân tích nghiệp vụ,AITS | Vietnam Airlines,BUSINESS_ANALYST,Analytics,Business / Domain Analysis,Junior,Hà Nội,logistics,5,0
itviec:7bf45d27-950b-4903-a8cf-a2aec6ef5e87,Business Analyst,Tinh Van Consulting,BUSINESS_ANALYST,Analytics,Business / Domain Analysis,Mid,Hà Nội,consulting_audit,7,0
itviec:87ad726d-1ff5-4be5-9eec-7221857a93f0,Business Analyst,1Office| Workway,BUSINESS_ANALYST,Analytics,Business / Domain Analysis,Lead,Hà Nội,unknown,7,0
itviec:8c9ef4e2-efbe-411b-8c21-0a6a900a64d2,Business Analyst,FPT IS,BUSINESS_ANALYST,Analytics,Business / Domain Analysis,Senior,Hà Nội,tech_software,2,0
itviec:8cde8116-7713-448f-a2a3-18316d9d5e89,IT Application Implementation (seasonal 1 year contract,Wilmar CLV (Cambodia Laos Vietnam),BUSINESS_ANALYST,Analytics,Business / Domain Analysis,Mid,Hồ Chí Minh,energy_agri,4,0
itviec:8dac9c5e-9389-4b55-9df4-46aacd018b79,Business Analyst,S3 Corporation (S3Corp.),BUSINESS_ANALYST,Analytics,Business / Domain Analysis,Mid,Hồ Chí Minh,tech_software,4,0
itviec:9ad74311-3d00-4a87-be1e-5b42abf5a3f2,IT Business Analyst,ABBANK,BUSINESS_ANALYST,Analytics,Business / Domain Analysis,Senior,Hà Nội,bank_finance,2,0
itviec:ae6afb7b-a7b9-48f7-850d-2ce0bb0a28b8,Business Analyst,GiMASYS,BUSINESS_ANALYST,Analytics,Business / Domain Analysis,Senior,Hà Nội,tech_software,9,0
itviec:b6747f11-16fc-478d-a0e4-5fe85dc81bc1,ERP/Logistics Senior Business Analyst,Pacific Technology,BUSINESS_ANALYST,Analytics,Business / Domain Analysis,Senior,Hồ Chí Minh,tech_software,4,0
itviec:b762810c-8316-466f-8feb-5735dfba213a,Business Analyst -Khối Công nghệ thông tin,MB Bank,BUSINESS_ANALYST,Analytics,Business / Domain Analysis,Junior,Hà Nội,bank_finance,2,0
itviec:bdab4acb-7962-46e7-8ed4-0ec469fcecb3,Business Analyst,Nova Engine Software Solution,BUSINESS_ANALYST,Analytics,Business / Domain Analysis,Junior,Hà Nội,tech_software,9,0
itviec:c63175be-f082-4bb8-a2c7-7b50ab44309e,Business Analyst,ISOFH,BUSINESS_ANALYST,Analytics,Business / Domain Analysis,Junior,Hà Nội,unknown,3,0
itviec:c6b10239-87a3-4747-95c1-7257425feafa,Business Analyst,Mercatus,BUSINESS_ANALYST,Analytics,Business / Domain Analysis,Mid,Hồ Chí Minh,unknown,3,0
itviec:c933749b-3436-4794-a6ca-7f518bf33b61,Sr/Leader Business Analyst,Blue Technology,BUSINESS_ANALYST,Analytics,Business / Domain Analysis,Lead,Hà Nội,tech_software,5,0
itviec:caf59320-2a43-4f72-bbd9-72b78d1fff6e,Business Analyst,Cadena Vietnam,BUSINESS_ANALYST,Analytics,Business / Domain Analysis,Mid,Hồ Chí Minh,unknown,4,0
itviec:ccf7daee-80e1-454e-97e0-db8a55d66934,Senior Business Application Analyst,Ngân hàng TMCP Phương Đông | OCB,BUSINESS_ANALYST,Analytics,Business / Domain Analysis,Senior,Hồ Chí Minh,bank_finance,3,0
itviec:ed7aac20-a42c-427c-912d-646c84260692,Business Analyst,Hitachi Digital Services,BUSINESS_ANALYST,Analytics,Business / Domain Analysis,Junior,Hồ Chí Minh,tech_software,3,0
itviec:f1d6562a-6d1d-42ef-b6ae-5c94b8c75a50,Thực tập sinh Phân tích nghiệp vụ Oracle Support,FPT IS,BUSINESS_ANALYST,Analytics,Business / Domain Analysis,Intern,Hà Nội,tech_software,4,0
itviec:f4861336-e8be-42e5-b0be-d76cd1010f9c,Project Manager cum Business Analyst,TJ Tech,BUSINESS_ANALYST,Analytics,Business / Domain Analysis,Manager,Hà Nội,tech_software,3,0
itviec:fe87ce11-6196-4ad0-accb-7bc6dd3d295f,Senior IT Product Business Analyst,Bosch Global Software Technologies Company Limited,BUSINESS_ANALYST,Analytics,Business / Domain Analysis,Senior,Hồ Chí Minh,tech_software,6,0
topdev:2111414,"Executive, Operations Excellence Ecommerce",DKSH Việt Nam,BUSINESS_ANALYST,Analytics,Business / Domain Analysis,Mid,Hồ Chí Minh,logistics,6,0
vietnamworks:2035762,- IT Business Analyst Specialist,Shinhan Bank Vietnam,BUSINESS_ANALYST,Analytics,Business / Domain Analysis,Mid,Hồ Chí Minh,bank_finance,5,0
vietnamworks:2038765,Chuyên Viên Quản Lý Hiệu Quả Kinh Doanh,Công Ty TNHH Chứng Khoán ACB,BUSINESS_ANALYST,Analytics,Business / Domain Analysis,Mid,Hồ Chí Minh,bank_finance,3,0
vietnamworks:2038862,Nhân Viên IT,Công Ty TNHH Dainese Việt Nam,BUSINESS_ANALYST,Analytics,Business / Domain Analysis,Senior,,unknown,2,0
vietnamworks:2039022,Nhân Viên Phân Tích Nghiệp Vụ,Công Ty TNHH Chứng Khoán ACB,BUSINESS_ANALYST,Analytics,Business / Domain Analysis,Mid,Hồ Chí Minh,bank_finance,1,0
vietnamworks:2041233,Finance Business Analyst Manager - ID4156,VPBank - Https://tuyendung.vpbank.com.vn/,BUSINESS_ANALYST,Analytics,Business / Domain Analysis,Manager,Hà Nội,bank_finance,1,0
vietnamworks:2049511,Business Analysis Manager,Tổng Công Ty Cổ Phần Thương Mại Xây Dựng (WTO),BUSINESS_ANALYST,Analytics,Business / Domain Analysis,Manager,Hà Nội,real_estate_construction,2,0
vietnamworks:2050484,Nhân Viên Nghiệp Vụ Hệ Thống Phần Mềm,Công Ty TNHH MTV Logistics Viettel,BUSINESS_ANALYST,Analytics,Business / Domain Analysis,Junior,Hà Nội,logistics,1,0
vietnamworks:2055036,Chuyên Viên Cao Cấp Tối Ưu Vận Hành - Senior Business Analyst,GSM,BUSINESS_ANALYST,Analytics,Business / Domain Analysis,Senior,Hà Nội,unknown,5,0
vietnamworks:2055455,AI Solution Consultant – Drive Practical AI Transformation In Manufacturing,"Wanek Furniture CO., LTD.",BUSINESS_ANALYST,Analytics,Business / Domain Analysis,Mid,Bình Dương,manufacturing,2,0
vietnamworks:2056052,ERP BUSINESS SYSTEM ANALYST D365 FnO,"LTP Vietnam., Co Ltd",BUSINESS_ANALYST,Analytics,Business / Domain Analysis,Mid,Hồ Chí Minh,unknown,1,0
vietnamworks:2056067,Senior Business Finance Analyst,"Piaggio Vietnam Co., Ltd (Pvn)",BUSINESS_ANALYST,Analytics,Business / Domain Analysis,Senior,Vĩnh Phúc,manufacturing,2,0
vietnamworks:2056091,Senior IT Business Analyst cum Product Manager,Dai-Ichi Life Vietnam,BUSINESS_ANALYST,Analytics,Business / Domain Analysis,Manager,Hồ Chí Minh,bank_finance,1,0
vietnamworks:2056628,Business Analyst Lead,CÔNG TY CỔ PHẦN SYNODUS,BUSINESS_ANALYST,Analytics,Business / Domain Analysis,Lead,Hà Nội,unknown,1,0
vietnamworks:2056726,Chuyên Viên Phân Tích Nghiệp Vụ,Bệnh Viện Da Liễu Trung Ương,BUSINESS_ANALYST,Analytics,Business / Domain Analysis,Lead,Hà Nội,healthcare_pharma,1,0
vietnamworks:2057200,Senior IT Business Analyst / Senior IT Consultant,Bosch Global Software Technologies Company Limited,BUSINESS_ANALYST,Analytics,Business / Domain Analysis,Senior,Hồ Chí Minh,tech_software,3,0
vietnamworks:2057655,Chuyên Viên Phân Tích Nghiệp Vụ,Công ty Cổ phần Chứng khoán An Bình,BUSINESS_ANALYST,Analytics,Business / Domain Analysis,Junior,Hà Nội,bank_finance,1,0
vietnamworks:2057673,Senior Business Analyst,Công ty cổ phần Tư vấn Đầu tư và Xây dựng Giao thông Vận tải,BUSINESS_ANALYST,Analytics,Business / Domain Analysis,Senior,Hà Nội,consulting_audit,2,0
vietnamworks:2058479,Business Analyst Leader,CMC Cyber Security,BUSINESS_ANALYST,Analytics,Business / Domain Analysis,Manager,Hà Nội,tech_software,2,0
vietnamworks:2059003,Senior Business Analyst Manager,Avery Dennison Vietnam,BUSINESS_ANALYST,Analytics,Business / Domain Analysis,Manager,Hồ Chí Minh,manufacturing,3,0
vietnamworks:2059378,Business Analyst,Công Ty Cổ Phần Chứng Khoán KIS Việt Nam,BUSINESS_ANALYST,Analytics,Business / Domain Analysis,Junior,Hồ Chí Minh,bank_finance,1,0
vietnamworks:2059395,Chuyên Viên Phân Tích Nghiệp Vụ,Công Ty Cổ Phần Chứng Khoán SSI,BUSINESS_ANALYST,Analytics,Business / Domain Analysis,Mid,Hà Nội,bank_finance,2,0
vietnamworks:2060209,Business Analyst,Tasco Joint Stock Company,BUSINESS_ANALYST,Analytics,Business / Domain Analysis,Mid,Hà Nội,manufacturing,1,0
vietnamworks:2060695,Chuyên Viên Phân Tích và Thiết Kế Hệ Thống,Tổng Công Ty CP Bảo Hiểm Toàn Cầu (GIC),BUSINESS_ANALYST,Analytics,Business / Domain Analysis,Senior,Hồ Chí Minh,bank_finance,5,0
vietnamworks:2061238,Integration Engineer,"Truecommerce Vietnam Company, Limited",BUSINESS_ANALYST,Analytics,Business / Domain Analysis,Junior,Hồ Chí Minh,ecommerce,3,0
vietnamworks:2063360,Application Support Assistant Manager,Shinhan Vietnam Finance Company Limited,BUSINESS_ANALYST,Analytics,Business / Domain Analysis,Manager,Hồ Chí Minh,bank_finance,1,0
vietnamworks:2063449,Sales Analysis & Budget Control Assistant,Lotte Mall West Lake Hanoi,BUSINESS_ANALYST,Analytics,Business / Domain Analysis,Mid,Hà Nội,retail_consumer,2,0
vietnamworks:2064257,"BA Lead , Lương 35–60M | Dự Án Lớn Tại Viettel",Tổng Công Ty Giải Pháp Doanh Nghiệp Viettel (VTS),BUSINESS_ANALYST,Analytics,Business / Domain Analysis,Manager,Hà Nội,telecom,5,0
vietnamworks:2064835,Business Analyst,CÔNG TY TNHH EZ TECH VIỆT NAM,BUSINESS_ANALYST,Analytics,Business / Domain Analysis,Mid,Hà Nội,tech_software,1,0
vietnamworks:2065112,Chuyên Viên Phân Tích Nghiệp Vụ - Mã Số: Qldv-01,Chi Nhánh Trung Tâm Công Nghệ Thông Tin Tập Đoàn Bảo Việt,BUSINESS_ANALYST,Analytics,Business / Domain Analysis,Mid,Hà Nội,tech_software,4,0
vietnamworks:2065798,Senior Business Analyst,Công Ty TNHH Giải Pháp Công Nghệ Cộng,BUSINESS_ANALYST,Analytics,Business / Domain Analysis,Senior,Hà Nội,tech_software,3,0
vietnamworks:2066774,IT Business Analyst,Shinhan Vietnam Finance Company Limited,BUSINESS_ANALYST,Analytics,Business / Domain Analysis,Mid,Hồ Chí Minh,bank_finance,2,0
vietnamworks:2066987,Senior Operations Analyst,ONPOINT COMPANY LIMITED,BUSINESS_ANALYST,Analytics,Business / Domain Analysis,Senior,Hồ Chí Minh,ecommerce,2,0
vietnamworks:2067784,Phó Trưởng Phòng Phân Tích Nghiệp Vụ,Công Ty Dịch Vụ Số Bưu Điện – Tổng Công Ty Bưu Điện Việt Nam,BUSINESS_ANALYST,Analytics,Business / Domain Analysis,Manager,Hà Nội,logistics,1,0
vietnamworks:2067971,Chuyên Gia/Chuyên Viên Business Analyst,Công Ty Cổ Phần Chứng Khoán Agribank,BUSINESS_ANALYST,Analytics,Business / Domain Analysis,Senior,Hà Nội,bank_finance,1,0
vietnamworks:2067984,Chuyên Viên Phân Tích Nghiệp Vụ Và Phát Triển Sản Phẩm thuộc Phòng Phân tích - Nghiên cứu,Công Ty Cổ Phần Chứng Khoán Agribank,BUSINESS_ANALYST,Analytics,Business / Domain Analysis,Mid,Hà Nội,bank_finance,2,0
vietnamworks:2061537,Computer Vision Engineer,Vietnamworks' Client,CV_NLP,AI / Machine Learning,AI / GenAI Engineering,Junior,Hà Nội,recruitment_agency,1,0
topcv:2157606,Data Analyst,CÔNG TY CỔ PHẦN ĐẦU TƯ CÔNG NGHỆ & ĐỔI MỚI VIỆT,DATA_ANALYST,Analytics,Data Analysis & BI,Lead,Hà Nội,tech_software,5,0
vietnamworks:2059919,Chuyên Viên Phân Tích Dữ Liệu Kinh Doanh,Công Ty CP Dây Cáp Điện Việt Nam - Cadivi,DATA_ANALYST,Analytics,Data Analysis & BI,Mid,Hồ Chí Minh,manufacturing,4,0
vietnamworks:2060761,Senior Enterprise IT Architect,Công Ty Cổ Phần Tập Đoàn Masterise,DATA_ARCHITECT,Governance & Architecture,Governance & Architecture,Senior,Hà Nội,real_estate_construction,2,0
itviec:1f2aa5ff-7840-434d-84a3-d616fdceb11f,CV/CVCC Phát triển hệ thống Quản trị tài chính - K.CNTT,PVcomBank,DATA_ENGINEER,Data Engineering,Pipelines & Platform,Senior,Hà Nội,bank_finance,6,0
vietnamworks:2063171,Integration And Application Lead,Vietnam Australia International School (VAS),DATA_ENGINEER,Data Engineering,Pipelines & Platform,Lead,Hồ Chí Minh,education,1,0
topdev:2111357,Senior Data Product Owner,Techcombank,DATA_LEADERSHIP,Data Leadership,Leadership,Senior,Hồ Chí Minh,bank_finance,11,0
itviec:087ccb7e-3b61-4043-976e-0255b02e9f57,Product Owner,One Mount Group,PRODUCT_ANALYST,Analytics,Business / Domain Analysis,Mid,Hồ Chí Minh,tech_software,8,0
itviec:e551dcb0-3ca4-4b16-9217-845f2d196461,Product Analyst,GEEK UP,PRODUCT_ANALYST,Analytics,Business / Domain Analysis,Mid,Hồ Chí Minh,tech_software,1,0
vietnamworks:2062119,Trụ Sở Chính - Hà Nội - Tuyển Dụng Nhân Viên Phát Triển và Quản Lý Sản Phẩm,Công Ty Cổ Phần Chứng Khoán Agribank,PRODUCT_ANALYST,Analytics,Business / Domain Analysis,Mid,Hà Nội,bank_finance,1,0
vietnamworks:2065727,Product Analyst,GEEK Up,PRODUCT_ANALYST,Analytics,Business / Domain Analysis,Mid,Hà Nội,tech_software,2,0
vietnamworks:2061149,"Chuyên viên, Chuyên viên cao cấp mảng Chính sách rủi ro tín dụng - Credit Risk Policy Specialist, Senior Specialist - Khối Quản trị rủi ro",NGÂN HÀNG TMCP QUÂN ĐỘI – MBBANK,RISK_FRAUD_ANALYST,Analytics,Business / Domain Analysis,Senior,Hà Nội,bank_finance,1,0
vietnamworks:2067415,Sinh Viên Tài Năng Khối Quản Lý Rủi Ro,Ngân Hàng TMCP Ngoại Thương Việt Nam - Vietcombank,RISK_FRAUD_ANALYST,Analytics,Business / Domain Analysis,Intern,Hồ Chí Minh,bank_finance,1,0
vietnamworks:2066621,AI Evaluator | Remote,Ebit,AI_ENGINEER,AI / Machine Learning,AI / GenAI Engineering,Junior,Hồ Chí Minh,tech_software,1,1
vietnamworks:2060057,"Senior Business Intelligence Analyst, SPX Express",CÔNG TY TNHH SPX EXPRESS,BI,Analytics,Data Analysis & BI,Senior,Hồ Chí Minh,logistics,5,1
careerviet:35C770F5,Nhân viên phân tích tài chính biết tiếng Trung,CÔNG TY TNHH POLYTEX FAR EASTERN (VIỆT NAM),BUSINESS_ANALYST,Analytics,Business / Domain Analysis,Junior,Hồ Chí Minh,manufacturing,2,1
careerviet:35C786FD,ESG Coordinator,VINFAST TRADING AND PRODUCTION JSC,BUSINESS_ANALYST,Analytics,Business / Domain Analysis,Mid,,manufacturing,2,1
careerviet:35C796E3,Senior Business Analyst - Chuyên Viên Phân Tích Nghiệp Vụ,Công ty Cố phần giải pháp công nghệ ITE,BUSINESS_ANALYST,Analytics,Business / Domain Analysis,Senior,Hà Nội,tech_software,5,1
itviec:69aaf2d2-7974-42a7-8e1e-64bcef9de2ee,Data Business Analyst – ID6813,VPBank,BUSINESS_ANALYST,Analytics,Business / Domain Analysis,Mid,Hà Nội,bank_finance,6,1
topdev:2107179,Chuyên viên Quản trị Hiệu quả & Danh mục SME - Khối Khách hàng vừa và nhỏ,MBBANK,BUSINESS_ANALYST,Analytics,Business / Domain Analysis,Mid,Hà Nội,bank_finance,6,1
vietnamworks:2043139,Nhân Viên GSD,Công Ty TNHH Kanaan Central Việt Nam,BUSINESS_ANALYST,Analytics,Business / Domain Analysis,Junior,Hồ Chí Minh,unknown,1,1
vietnamworks:2043972,ERP Analyst,CÔNG TY TNHH THƯƠNG MẠI ĐIỆN TỬ 3T,BUSINESS_ANALYST,Analytics,Business / Domain Analysis,Mid,Hồ Chí Minh,ecommerce,3,1
vietnamworks:2055992,Chuyên Viên Cao Cấp Phân Tích Doanh Nghiệp,Công Ty Cổ Phần Chứng Khoán KB Việt Nam,BUSINESS_ANALYST,Analytics,Business / Domain Analysis,Senior,Hà Nội,bank_finance,2,1
vietnamworks:2056077,Product Operation Specialist,Công Ty TNHH Công Nghệ Tài Chính New Asia,BUSINESS_ANALYST,Analytics,Business / Domain Analysis,Mid,Hồ Chí Minh,bank_finance,2,1
vietnamworks:2056241,Sale Admin,Navigos Search's Client,BUSINESS_ANALYST,Analytics,Business / Domain Analysis,Mid,Hà Nội,recruitment_agency,2,1
vietnamworks:2056333,Chuyên Viên Quản Lý Hiệu Suất,Tổng Công Ty CP Bưu Chính Viettel,BUSINESS_ANALYST,Analytics,Business / Domain Analysis,Mid,Hà Nội,logistics,1,1
vietnamworks:2056495,Chuyên Viên Cao Cấp Quản Lý Năng Suất và Hiệu Quả Hoạt Động NHBL,Ngân Hàng TMCP Quốc Tế Việt Nam (VIB),BUSINESS_ANALYST,Analytics,Business / Domain Analysis,Senior,Hà Nội,bank_finance,1,1
vietnamworks:2056738,Junior Finance Analyst,Bel,BUSINESS_ANALYST,Analytics,Business / Domain Analysis,Junior,Hồ Chí Minh,unknown,2,1
vietnamworks:2057464,Business Process Analyst,CÔNG TY TNHH VISY GLOBAL LOGISTICS (VIỆT NAM),BUSINESS_ANALYST,Analytics,Business / Domain Analysis,Mid,Hồ Chí Minh,logistics,2,1
vietnamworks:2060743,SAP Consultant,Công Ty TNHH Ajax Systems Việt Nam,BUSINESS_ANALYST,Analytics,Business / Domain Analysis,Mid,Hưng Yên,tech_software,1,1
vietnamworks:2061807,NPI/ Foundry Operational Analyst,Intel Products Vietnam,BUSINESS_ANALYST,Analytics,Business / Domain Analysis,Junior,Hồ Chí Minh,manufacturing,3,1
vietnamworks:2063819,Chuyên Viên Phát Triển Tổ Chức & Quản Trị Hiệu Suất,Công Ty CP Tập Đoàn Everland,BUSINESS_ANALYST,Analytics,Business / Domain Analysis,Senior,Hà Nội,real_estate_construction,1,1
vietnamworks:2063837,Senior Portfolio Analytics And Reporting Executive,Công Ty Tài Chính TNHH Ngân Hàng TMCP Sài Gòn - Hà Nội (SHBFinance),BUSINESS_ANALYST,Analytics,Business / Domain Analysis,Senior,Hồ Chí Minh,bank_finance,2,1
vietnamworks:2067499,Process Engineering Coordinator / Analyst Điều Phối Viên / Chuyên Viên Phân Tích Kỹ Thuật Quy Trình,Quickpack Vietnam Co.ltd,BUSINESS_ANALYST,Analytics,Business / Domain Analysis,Mid,,manufacturing,1,1
vietnamworks:2067749,CVC Quản Lý Hiệu Suất Ngân Hàng Định Chế Tài Chính - QLTC - MSB - 3K050,Ngân Hàng Thương Mại Cổ Phần Hàng Hải Việt Nam (MSB),BUSINESS_ANALYST,Analytics,Business / Domain Analysis,Senior,Hà Nội,bank_finance,2,1
glints:d6f22d0c-15ce-4a65-a77d-681b5705bf94,"Thực tập sinh, Tình nguyện viên Data Part-time",TAHK,DATA_ANALYST,Analytics,Data Analysis & BI,Intern,,unknown,3,1
glints:e4bcc95f-2297-48a2-bde4-90374d7cf878,Intern Automation & Data,Công ty Cổ Phần Chuỗi Bán Lẻ Mini Min,DATA_ANALYST,Analytics,Data Analysis & BI,Intern,,retail_consumer,3,1
topcv:2173063,Chuyên Viên Phân Tích Dữ Liệu - Có Xe Đưa Đón - Lương Upto 30tr/Tháng,Công Ty TNHH Điện Tử Việt Nhật,DATA_ANALYST,Analytics,Data Analysis & BI,Junior,Hưng Yên,manufacturing,2,1
vietnamworks:2055478,Data Analyst & Reporting Associate,Shinhan Vietnam Finance Company Limited,DATA_ANALYST,Analytics,Data Analysis & BI,Junior,Hồ Chí Minh,bank_finance,4,1
vietnamworks:2058175,Chuyên Viên Phân Tích Dữ Liệu,Công Ty TNHH Bán Lẻ Fujimart Việt Nam,DATA_ANALYST,Analytics,Data Analysis & BI,Senior,Hà Nội,retail_consumer,2,1
vietnamworks:2058921,Item Data Analyst,CÔNG TY TNHH ALLINGHAM HOME,DATA_ANALYST,Analytics,Data Analysis & BI,Junior,Hồ Chí Minh,retail_consumer,2,1
vietnamworks:2059497,Production Admin,Perfetti Van Melle (Viet Nam) Limited,DATA_ANALYST,Analytics,Data Analysis & BI,Junior,Bình Dương,manufacturing,2,1
vietnamworks:2059939,Senior HR Analyst,MiTek Việt Nam,DATA_ANALYST,Analytics,Data Analysis & BI,Senior,Hồ Chí Minh,tech_software,4,1
vietnamworks:2060296,Operations Data Development Supervisor,Công Ty TNHH Techtronic Industries Việt Nam Manufacturing,DATA_ANALYST,Analytics,Data Analysis & BI,Lead,Hồ Chí Minh,manufacturing,4,1
vietnamworks:2064429,Chuyên viên cao cấp - Phân Tích Dữ Liệu & Chính Sách Giá,Công Ty Cổ Phần Vàng Bạc Đá Quý Phú Nhuận (PNJ),DATA_ANALYST,Analytics,Data Analysis & BI,Senior,,retail_consumer,1,1
vietnamworks:2065095,Nhân Viên Theo Dõi & Phân Tích Dữ Liệu,Công Ty TNHH Tamada Việt Nam,DATA_ANALYST,Analytics,Data Analysis & BI,Junior,Hải Phòng,unknown,2,1
vietnamworks:2067352,Data Analysis Officer / Nhân Viên Phân Tích & Xử Lý Dữ Liệu,Vietnamworks' Client,DATA_ANALYST,Analytics,Data Analysis & BI,Mid,Hồ Chí Minh,recruitment_agency,5,1
vietnamworks:2068561,Nhân Viên Kế Hoạch và Dữ Liệu Sản Xuất,Công Ty TNHH VLXD Saint Gobain Bắc Việt Nam,DATA_ANALYST,Analytics,Data Analysis & BI,Mid,Hải Phòng,manufacturing,3,1
vietnamworks:2068691,Home Racer - Data Analyst,Home Credit Vietnam - Explore Your Dream Team,DATA_ANALYST,Analytics,Data Analysis & BI,Junior,Hồ Chí Minh,bank_finance,5,1
vietnamworks:2056478,Chuyên Gia Kiến Trúc và Giải Pháp Hạ Tầng - K.CNTT,Ngân Hàng TMCP Đại Chúng Việt Nam,DATA_ARCHITECT,Governance & Architecture,Governance & Architecture,Senior,Hà Nội,bank_finance,1,1
vietnamworks:2057597,Chuyên Viên Vận Hành Hệ Thống,Công Ty Cổ Phần Chứng Khoán KB Việt Nam,DATA_ENGINEER,Data Engineering,Pipelines & Platform,Junior,Hà Nội,bank_finance,3,1
vietnamworks:2061107,Chuyên Viên Dữ Liệu,Công Ty Cổ Phần Thanh Toán Quốc Gia Việt Nam,DATA_ENGINEER,Data Engineering,Pipelines & Platform,Mid,Hà Nội,bank_finance,4,1
vietnamworks:2066630,VNDIRECT - Chuyên Viên Cao Cấp/ Chuyên Gia Quản Trị Dữ Liệu MIS & Hiệu Suất Kinh Doanh Bộ Phận Bfm,Công Ty Cổ Phần Tập Đoàn Đầu Tư I.P.A,DATA_GOVERNANCE,Governance & Architecture,Governance & Architecture,Senior,Hà Nội,unknown,5,1
vietnamworks:2056981,Associate Director - Data Analytics,KPMG Việt Nam,DATA_LEADERSHIP,Data Leadership,Leadership,Manager,Hồ Chí Minh,consulting_audit,3,1
vietnamworks:2068274,"Senior Manager, Data Science",Navigos Search's Client,DATA_LEADERSHIP,Data Leadership,Leadership,Manager,Hà Nội,recruitment_agency,4,1
vietnamworks:2053616,Research and Teaching Assistant in Data Science and Operations Research/optimization,VGU - Vietnamese German University,DATA_SCIENTIST,AI / Machine Learning,Data / Decision Science,Junior,Bình Dương,education,5,1
careerviet:35C75DFA,HO - Phó phòng phát triển sản phẩm số,Ngân Hàng TMCP Phương Đông - OCB,PRODUCT_ANALYST,Analytics,Business / Domain Analysis,Manager,Hồ Chí Minh,bank_finance,3,1
vietnamworks:2038124,"Manager, Bancassurance Business Quality",FWD Vietnam Life Insurance Company Limited,RISK_FRAUD_ANALYST,Analytics,Business / Domain Analysis,Manager,Hồ Chí Minh,bank_finance,1,1
vietnamworks:2043107,Business Risk & Control Senior Officer,United Overseas Bank (Vietnam) Limited (UOB),RISK_FRAUD_ANALYST,Analytics,Business / Domain Analysis,Senior,Hồ Chí Minh,bank_finance,1,1
vietnamworks:2044576,Chuyên Gia Chiến Lược Rủi Ro - Id2201,VPBank - Https://tuyendung.vpbank.com.vn/,RISK_FRAUD_ANALYST,Analytics,Business / Domain Analysis,Senior,Hà Nội,bank_finance,1,1
vietnamworks:2055336,Risk Modeling Supervisor,Mirae Asset Finance Company (Viet Nam) Ltd.,RISK_FRAUD_ANALYST,Analytics,Business / Domain Analysis,Lead,Hồ Chí Minh,bank_finance,3,1
vietnamworks:2056572,International Fraud & Risk Management Expert,Navigos Search's Client,RISK_FRAUD_ANALYST,Analytics,Business / Domain Analysis,Senior,Hà Nội,recruitment_agency,1,1
vietnamworks:2059135,Senior Fraud Risk Analyst - Chuyên Viên Phân Tích Rủi Ro Gian Lận,Cake by VPBank,RISK_FRAUD_ANALYST,Analytics,Business / Domain Analysis,Senior,Hà Nội,bank_finance,3,1
vietnamworks:2064158,"Manager/ Assistant Manager, Internal Audit, Risk Management & Compliance",KPMG Việt Nam,RISK_FRAUD_ANALYST,Analytics,Business / Domain Analysis,Manager,Hồ Chí Minh,consulting_audit,1,1
vietnamworks:2065270,Chuyên Viên Quản Trị Rủi Ro,Công Ty CP Nhựa Thiếu Niên Tiền Phong,RISK_FRAUD_ANALYST,Analytics,Business / Domain Analysis,Mid,Hải Phòng,manufacturing,1,1
vietnamworks:2066071,风险管理岗/ Quản Lý Rủi Ro / Risk Management - Biết Tiếng Trung,Ngân Hàng Industrial And Commercial BANK Of China Limited- CN Tp Hà Nội,RISK_FRAUD_ANALYST,Analytics,Business / Domain Analysis,Mid,Hà Nội,bank_finance,1,1
vietnamworks:2068493,Fraud Parameter Strategy Manager,United Overseas Bank (Vietnam) Limited (UOB),RISK_FRAUD_ANALYST,Analytics,Business / Domain Analysis,Manager,Hồ Chí Minh,bank_finance,2,1
vietnamworks:2068519,Fraud Data Analysis Reporting Senior Officer,United Overseas Bank (Vietnam) Limited (UOB),RISK_FRAUD_ANALYST,Analytics,Business / Domain Analysis,Senior,Hồ Chí Minh,bank_finance,2,1
careerviet:35C74210,Market Intelligence Specialist,Công ty TNHH Cung ứng Nhựa đường,BI,Analytics,Data Analysis & BI,Mid,Hà Nội,manufacturing,4,2
careerviet:35C76B1F,Trưởng nhóm Hệ thống dữ liệu,CÔNG TY CỔ PHẦN PHÁT TRIỂN DỊCH VỤ VÀ THƯƠNG MẠI QUỐC AN,BI,Analytics,Data Analysis & BI,Lead,Hà Nội,unknown,9,2
careerviet:35C77E5F,Senior Business Intelligence Executive,Concung.com - Con Cung Joint Stock Company,BI,Analytics,Data Analysis & BI,Senior,Hồ Chí Minh,ecommerce,11,2
careerviet:35C79E68,Chuyên viên phần mềm - ứng dụng,CÔNG TY CP TẬP ĐOÀN ĐẦU TƯ HOÀNG GIA VIỆT NAM,BI,Analytics,Data Analysis & BI,Mid,Hồ Chí Minh,real_estate_construction,13,2
topcv:2167392,Senior Business Intelligence,Pro Công Ty Cổ Phần Vàng Bạc Đá quý Phú Nhuận - PNJ,BI,Analytics,Data Analysis & BI,Senior,Hồ Chí Minh,retail_consumer,8,2
topcv:2201772,Business Intelligence Specialist - 3 Năm Kinh Nghiệm - Thu Nhập Hấp Dẫn - Tại Hà Nội,Công ty TNHH Esoft Vietnam,BI,Analytics,Data Analysis & BI,Mid,Hà Nội,tech_software,13,2
vietnamworks:2056655,Associate IT Manager - Commercial Digital Project Lead & Data Analytics,Công Ty Cổ Phần Sữa Quốc Tế Lof,BI,Analytics,Data Analysis & BI,Manager,Hồ Chí Minh,manufacturing,8,2
vietnamworks:2065723,Sales & Marketing Reporting Executive,Công Ty Cổ Phần Prime Group,BI,Analytics,Data Analysis & BI,Junior,Vĩnh Phúc,unknown,5,2
vietnamworks:2068243,Business Intelligence Analyst,Insee Vietnam,BI,Analytics,Data Analysis & BI,Mid,Hồ Chí Minh,manufacturing,5,2
careerviet:35C71730,Senior Finance Executive,UrBox - Công ty Cổ phần Tiếp Thị Số Tô Quà,BUSINESS_ANALYST,Analytics,Business / Domain Analysis,Senior,Hà Nội,ecommerce,5,2
careerviet:35C7656C,E-Commerce Business Analytics Team Leader,CÔNG TY CỔ PHẦN DƯỢC PHẨM FPT LONG CHÂU,BUSINESS_ANALYST,Analytics,Business / Domain Analysis,Lead,Hồ Chí Minh,retail_consumer,12,2
careerviet:35C77B26,Chuyên viên chính/Chuyên viên cao cấp Phân tích nghiệp vụ FM - TNTech - 4Z035,Tập đoàn ROX (ROX Group),BUSINESS_ANALYST,Analytics,Business / Domain Analysis,Senior,Hà Nội,real_estate_construction,5,2
careerviet:35C790F3,Chuyên viên Hoạch định và Phân tích tài chính,CÔNG TY CỔ PHẦN THƯƠNG MẠI DỊCH VỤ SẢN XUẤT HƯƠNG THỦY,BUSINESS_ANALYST,Analytics,Business / Domain Analysis,Mid,Hồ Chí Minh,manufacturing,5,2
careerviet:35C79C15,131268 - Financial Planning & Analysis Specialist - FMCG,"RGF HR Agent Vietnam Co., LTD",BUSINESS_ANALYST,Analytics,Business / Domain Analysis,Mid,Hồ Chí Minh,recruitment_agency,6,2
careerviet:35C7A077,Chuyên viên Planning & Performance,Công ty Cổ phần CANIFA,BUSINESS_ANALYST,Analytics,Business / Domain Analysis,Mid,Hà Nội,retail_consumer,6,2
careerviet:35C7A73D,Process Engineering Coordinator / Analyst,Quickpack Vietnam Limited,BUSINESS_ANALYST,Analytics,Business / Domain Analysis,Mid,,manufacturing,7,2
careerviet:35C7AF7D,IT Business Analyst,Công Ty Cổ Phần Vacxin Việt Nam,BUSINESS_ANALYST,Analytics,Business / Domain Analysis,Mid,Hồ Chí Minh,healthcare_pharma,7,2
glints:88edd0d4-a88e-4e06-9fd9-418d8b2c0f07,Finance & Data Specialist,MindX Technology School,BUSINESS_ANALYST,Analytics,Business / Domain Analysis,Junior,,education,8,2
glints:ad6aa70b-0423-4348-b416-3b3a53abfa40,HR Analyst,MiTek Việt Nam,BUSINESS_ANALYST,Analytics,Business / Domain Analysis,Junior,,tech_software,9,2
glints:d1eaf0b8-afa6-4613-8358-8ed81db0ced7,Chuyên Viên Phân Tích Thống Kê,CHI NHÁNH CÔNG TY TNHH TP THÁI SƠN KHO HÀNG NGUYỄN THÁI BÌNH,BUSINESS_ANALYST,Analytics,Business / Domain Analysis,Junior,,logistics,4,2
glints:dad65f5e-1454-486f-9566-f08dad89580f,AUDIT ADMIN - ADMIN CHUYÊN XỬ LÝ DỮ,"OUTSOURCE SOLUTIONS CO.,LTD",BUSINESS_ANALYST,Analytics,Business / Domain Analysis,Junior,,tech_software,8,2
itviec:a79a1ff1-631e-47ed-a324-4fdfeb38158f,Business Analyst,Phu Hung Securities (PHS),BUSINESS_ANALYST,Analytics,Business / Domain Analysis,Mid,Hồ Chí Minh,bank_finance,11,2
itviec:b52603d4-f0aa-4873-9012-a04b838e5507,Senior/Lead Business Analyst,NAB Innovation Centre Vietnam,BUSINESS_ANALYST,Analytics,Business / Domain Analysis,Lead,Hồ Chí Minh,tech_software,10,2
itviec:c3a19c4e-1407-4dc2-bb6b-736666d13272,Business Analyst for Edtech project,CÔNG TY TNHH TEENUP,BUSINESS_ANALYST,Analytics,Business / Domain Analysis,Junior,Hà Nội,unknown,5,2
topcv:2171294,Business Analyst -3YOE - Onsite Bank - Thu Nhập Upto 27M,Công ty Cổ phần Giải pháp Công nghệ TTC Việt Nam,BUSINESS_ANALYST,Analytics,Business / Domain Analysis,Mid,Hà Nội,tech_software,13,2
topcv:816331,Chuyên Viên Phân Tích Quản Trị,BỆNH VIỆN ĐA KHOA HỒNG NGỌC PHÚC TRƯỜNG MINH,BUSINESS_ANALYST,Analytics,Business / Domain Analysis,Junior,Hà Nội,education,9,2
topdev:2112528,Trưởng Nhóm Chiến Lược Tại UpBase,CÔNG TY CỔ PHẦN CÔNG NGHỆ UPBASE,BUSINESS_ANALYST,Analytics,Business / Domain Analysis,Lead,Hà Nội,tech_software,5,2
vietnamworks:2056773,RPA Business Analyst Cum Tester,"Hansae HCM Co., Ltd",BUSINESS_ANALYST,Analytics,Business / Domain Analysis,Junior,Hồ Chí Minh,manufacturing,4,2
vietnamworks:2058096,"Manager - Valuation, Modeling and Economics - Hanoi Office",Ernst & Young Vietnam Limited (EY Vietnam),BUSINESS_ANALYST,Analytics,Business / Domain Analysis,Manager,Hà Nội,consulting_audit,6,2
vietnamworks:2058925,Financial Planning & Business Analyst,Insee Vietnam,BUSINESS_ANALYST,Analytics,Business / Domain Analysis,Mid,Hồ Chí Minh,manufacturing,2,2
vietnamworks:2059463,Nhân Viên Phát Triển Hệ Thống Kinh Doanh,Công Ty Cổ Phần ACECOOK Việt Nam,BUSINESS_ANALYST,Analytics,Business / Domain Analysis,Mid,Hồ Chí Minh,manufacturing,3,2
vietnamworks:2060959,Planning Officer,"Chailease International Leasing Co., Ltd. (Head Office)",BUSINESS_ANALYST,Analytics,Business / Domain Analysis,Junior,Hồ Chí Minh,bank_finance,3,2
vietnamworks:2062161,Sales Force Effectiveness Specialist,Mondelēz Kinh Đô Việt Nam,BUSINESS_ANALYST,Analytics,Business / Domain Analysis,Mid,Hồ Chí Minh,manufacturing,5,2
vietnamworks:2064838,Deputy Team Leader – Logistics Controller,CÔNG TY TNHH HDS DỊCH VỤ VIỆT NAM,BUSINESS_ANALYST,Analytics,Business / Domain Analysis,Lead,Hồ Chí Minh,unknown,4,2
vietnamworks:2065767,Senior Sales Performance Analyst - Lending,Be Group Joint Stock Company,BUSINESS_ANALYST,Analytics,Business / Domain Analysis,Senior,Hồ Chí Minh,ecommerce,7,2
vietnamworks:2068196,Chuyên Viên Cao Cấp Kế Hoạch,Công Ty Cổ Phần Chứng Khoán Dầu Khí (Psi),BUSINESS_ANALYST,Analytics,Business / Domain Analysis,Senior,Hà Nội,bank_finance,3,2
itviec:536f98ec-02f8-4c3e-bc25-cebad05732c1,Remote - Data Operations Analyst,OrgScale Recruitment,DATAOPS,Data Engineering,Pipelines & Platform,Unknown,Hồ Chí Minh,recruitment_agency,14,2
careerviet:35C73082,Senior Data Analyst,"Rochdale Spears Co., Ltd.",DATA_ANALYST,Analytics,Data Analysis & BI,Senior,Bình Dương,unknown,6,2
careerviet:35C7782C,Data Analyst,BETRIMEX - Công Ty Cổ Phần Xuất Nhập Khẩu Bến Tre,DATA_ANALYST,Analytics,Data Analysis & BI,Mid,Hồ Chí Minh,logistics,5,2
careerviet:35C7886F,HRBP Data Analyst,CÔNG TY CỔ PHẦN KING FOOD MARKET,DATA_ANALYST,Analytics,Data Analysis & BI,Mid,Hồ Chí Minh,retail_consumer,7,2
careerviet:35C7A74C,HR Data Analyst cum Total Rewards Operational,Cổ Phần Kết Nối Nhân Tài - Talentnet Corporation,DATA_ANALYST,Analytics,Data Analysis & BI,Mid,Hồ Chí Minh,recruitment_agency,13,2
careerviet:35C7A83A,Chuyên Viên Phân Tích Dữ Liệu,CÔNG TY CỔ PHẦN DƯỢC PHẨM FPT LONG CHÂU,DATA_ANALYST,Analytics,Data Analysis & BI,Mid,Hồ Chí Minh,retail_consumer,7,2
glints:15355665-1304-4a80-a342-847e2e2767e5,Market Research & Data Analyst,Panasonic Việt Nam,DATA_ANALYST,Analytics,Data Analysis & BI,Junior,,manufacturing,6,2
glints:94661592-ff34-4fd3-abe6-4f28434ca9ec,Data Analyst,CÔNG TY CỔ PHẦN CÔNG NGHỆ UNITRUST VIỆT NAM,DATA_ANALYST,Analytics,Data Analysis & BI,Mid,,tech_software,7,2
glints:d6ea11fd-f7c5-4149-9505-3c283f460c8e,Data Analyst,Inwave Studio,DATA_ANALYST,Analytics,Data Analysis & BI,Junior,,media_gaming,10,2
itviec:0bf7659f-a23b-48a7-bb30-7ad247523e0b,Data Analyst and Process Improvement,DSV X Schenker,DATA_ANALYST,Analytics,Data Analysis & BI,Mid,Hồ Chí Minh,logistics,7,2
itviec:d6a2dafb-4661-400b-9da8-2d047d40ad74,"Data Analyst - onsite tại thủ đô Vientiane, Laos",Công Ty Star Telecom (Unitel) - Trực Thuộc Tập Đoàn Công Nghiệp - Viễn Thông Quân Đội Viettel,DATA_ANALYST,Analytics,Data Analysis & BI,Mid,Hà Nội,telecom,12,2
topcv:1655786,Data Analyst,Goldenlotusjewelry,DATA_ANALYST,Analytics,Data Analysis & BI,Mid,Hồ Chí Minh,retail_consumer,9,2
topcv:1935054,Data Analyst,Công ty TNHH GEAR INC VN,DATA_ANALYST,Analytics,Data Analysis & BI,Junior,Hà Nội,manufacturing,5,2
topcv:2046581,Chuyên Viên Dữ Liệu / Data Executive / Bắt Buộc Biết Tiếng Trung / Quận 7,CÔNG TY TNHH NEXTAD STUDIO,DATA_ANALYST,Analytics,Data Analysis & BI,Junior,Hồ Chí Minh,media_gaming,8,2
topcv:2058628,Chuyên Viên Phân Tích Dữ Liệu Tài Chính,Sofitel,DATA_ANALYST,Analytics,Data Analysis & BI,Senior,Hà Nội,unknown,10,2
topcv:2166282,Data Analyst,Công ty CP Khoa học Dữ liệu,DATA_ANALYST,Analytics,Data Analysis & BI,Mid,Hà Nội,tech_software,13,2
topcv:2167403,Senior Data Analyst,Pro Công Ty Cổ Phần Vàng Bạc Đá quý Phú Nhuận - PNJ,DATA_ANALYST,Analytics,Data Analysis & BI,Lead,Hồ Chí Minh,retail_consumer,5,2
topcv:2167677,Data Analyst,GEMS UNITED JOINT STOCK COMPANY,DATA_ANALYST,Analytics,Data Analysis & BI,Junior,,unknown,8,2
topcv:2174212,Data Analyst Ngân Hàng Shinhan,Ngân Hàng TNHH MTV Shinhan Việt Nam,DATA_ANALYST,Analytics,Data Analysis & BI,Junior,Hồ Chí Minh,bank_finance,4,2
topcv:2175620,Data Analyst Senior Officer,Ngân Hàng TNHH MTV Shinhan Việt Nam,DATA_ANALYST,Analytics,Data Analysis & BI,Senior,Hồ Chí Minh,bank_finance,4,2
topcv:2180589,"Senior Data Analyst - Thu Nhập Cạnh Tranh, Từ 3 Năm Kinh Nghiệm",CÔNG TY CỔ PHẦN DƯỢC PHẨM FPT LONG CHÂU,DATA_ANALYST,Analytics,Data Analysis & BI,Senior,Hồ Chí Minh,retail_consumer,13,2
topcv:2182327,Trưởng Nhóm Data Analyst,CÔNG TY CỔ PHẦN HỆ THỐNG Y TẾ MEVIS HEALTHCARE,DATA_ANALYST,Analytics,Data Analysis & BI,Lead,Hà Nội,healthcare_pharma,7,2
topcv:2183264,HR Data Analyst,Công ty Cổ phần King Food Martket,DATA_ANALYST,Analytics,Data Analysis & BI,Mid,Hồ Chí Minh,retail_consumer,5,2
topcv:2197209,Chuyên Viên Phân Tích Số Liệu Và Báo Cáo,Happymoney,DATA_ANALYST,Analytics,Data Analysis & BI,Junior,Hà Nội,bank_finance,4,2
topdev:2112252,Data Analysis Officer,CÔNG TY TNHH AEON VIỆT NAM,DATA_ANALYST,Analytics,Data Analysis & BI,Junior,Hồ Chí Minh,retail_consumer,4,2
vietnamworks:2041611,Data Analyst,Shinhan Vietnam Finance,DATA_ANALYST,Analytics,Data Analysis & BI,Junior,Hồ Chí Minh,bank_finance,4,2
vietnamworks:2057578,Data Analysis Senior Officer/Supervisor,Mirae Asset Prévoir Life Insurance Company Ltd.,DATA_ANALYST,Analytics,Data Analysis & BI,Lead,Hồ Chí Minh,bank_finance,6,2
vietnamworks:2058001,Data Analyst,Avery Dennison Vietnam,DATA_ANALYST,Analytics,Data Analysis & BI,Junior,Bắc Ninh,manufacturing,5,2
vietnamworks:2063402,E-Commerce Data Analyst,WOWSUITE SOFTWARE,DATA_ANALYST,Analytics,Data Analysis & BI,Junior,Hồ Chí Minh,tech_software,7,2
vietnamworks:2064342,Data Analyst,Công Ty TNHH Ô Tô Isuzu Việt Nam,DATA_ANALYST,Analytics,Data Analysis & BI,Mid,Hồ Chí Minh,manufacturing,8,2
vietnamworks:2065575,Assistant - Production Fresh graduate or 1-2 years experiences,Công Ty TNHH Trelleborg Việt Nam,DATA_ANALYST,Analytics,Data Analysis & BI,Junior,,manufacturing,2,2
vietnamworks:2067843,Nhân Viên Data,Công Ty Cổ Phần Thực Phẩm Hữu Nghị,DATA_ANALYST,Analytics,Data Analysis & BI,Junior,Bắc Ninh,manufacturing,4,2
careerviet:35C6E40F,Senior Data Engineer,Nova Service Group - Công ty Cổ phần Tập đoàn Nova Services,DATA_ENGINEER,Data Engineering,Pipelines & Platform,Senior,Hồ Chí Minh,unknown,11,2
glints:7a705fb1-88f6-4bf9-98ee-968bb1463313,Thực tập sinh Data Automation,Công ty Cổ Phần Chuỗi Bán Lẻ Mini Min,DATA_ENGINEER,Data Engineering,Pipelines & Platform,Intern,,retail_consumer,5,2
itviec:022aede4-d67c-4e93-ab16-0341c46a28c1,IT Governance Risk Compliance,EVF,DATA_GOVERNANCE,Governance & Architecture,Governance & Architecture,Junior,Hà Nội,unknown,5,2
vietnamworks:2068363,Socom QC Analyst,ONPOINT COMPANY LIMITED,DATA_GOVERNANCE,Governance & Architecture,Governance & Architecture,Mid,Hồ Chí Minh,ecommerce,4,2
glints:c05c72d6-9b9e-4542-b3ea-876f0fcdbe5e,Thực tập sinh Data annotation kiêm Tester,Công ty cổ phần NTL Việt Nam,DATA_SCIENTIST,AI / Machine Learning,Data / Decision Science,Intern,,unknown,4,2
topdev:2113418,Finance & Data Specialist,CÔNG TY CỔ PHẦN TRƯỜNG HỌC CÔNG NGHỆ MINDX,RISK_FRAUD_ANALYST,Analytics,Business / Domain Analysis,Mid,Hà Nội,education,10,2
vietnamworks:2052938,Analyst,Profectus Vietnam Co. Ltd.,RISK_FRAUD_ANALYST,Analytics,Business / Domain Analysis,Mid,Hồ Chí Minh,consulting_audit,3,2
vietnamworks:2054961,Financial Analyst,Văn Phòng Phú Thái Group,RISK_FRAUD_ANALYST,Analytics,Business / Domain Analysis,Mid,Hà Nội,unknown,3,2
vietnamworks:2059846,"Chuyên Gia Quản Trị và Phân Tích Danh Mục, Phòng Quản Trị Rủi Ro Tín Dụng và Phân Tích Danh Mục, Khối QTRR",Ngân Hàng TMCP Đại Chúng Việt Nam,RISK_FRAUD_ANALYST,Analytics,Business / Domain Analysis,Senior,Hà Nội,bank_finance,3,2
vietnamworks:2066447,Intern - Credit Risk Consulting,PwC (Vietnam) Ltd.,RISK_FRAUD_ANALYST,Analytics,Business / Domain Analysis,Intern,Hà Nội,consulting_audit,5,2
careerviet:35C6F1F7,AI Engineer,CÔNG TY TNHH TƯ VẤN GANESHAID,AI_ENGINEER,AI / Machine Learning,AI / GenAI Engineering,Mid,Hà Nội,consulting_audit,17,3
careerviet:35C77516,Intern AI engineer,Bảo mật,AI_ENGINEER,AI / Machine Learning,AI / GenAI Engineering,Intern,Hồ Chí Minh,unknown,12,3
careerviet:35C778D4,Kỹ sư Trí tuệ nhân tạo,Tổng Công ty Cổ phần Công trình Viettel,AI_ENGINEER,AI / Machine Learning,AI / GenAI Engineering,Junior,Hà Nội,real_estate_construction,8,3
careerviet:35C7829E,AI Engineer Intern,Công ty TNHH Lửa Á Châu,AI_ENGINEER,AI / Machine Learning,AI / GenAI Engineering,Intern,Hồ Chí Minh,unknown,10,3
glints:0e7beb3f-1ecd-4c19-b126-ccbb06109b85,AI Engineer,SotaTek,AI_ENGINEER,AI / Machine Learning,AI / GenAI Engineering,Junior,,tech_software,20,3
glints:1389cdcc-6058-493d-a38f-b89c65a077ab,AI Engineer,Công ty Cổ phần Công nghệ SotaTek,AI_ENGINEER,AI / Machine Learning,AI / GenAI Engineering,Mid,,tech_software,11,3
glints:2e77db32-5ab6-4cca-b383-387e5031375f,Senior AI Engineer (IoT Industrial/Signal & Predictive Maintenan,REC Talents Co.Ltd,AI_ENGINEER,AI / Machine Learning,AI / GenAI Engineering,Senior,,recruitment_agency,14,3
glints:2faadfbd-45eb-4fbd-9f43-e4109bc265e9,AI Engineer,Autonomous Inc,AI_ENGINEER,AI / Machine Learning,AI / GenAI Engineering,Junior,,tech_software,15,3
glints:61690f47-8844-4d5e-a1ab-3dab4a542fd6,AI Engineer,Công ty cổ phần Aimesoft,AI_ENGINEER,AI / Machine Learning,AI / GenAI Engineering,Junior,,tech_software,9,3
glints:789d05b4-c271-42d7-9089-32e7f7648741,AI Engineer,TMA Solutions,AI_ENGINEER,AI / Machine Learning,AI / GenAI Engineering,Junior,,tech_software,15,3
glints:8a38312d-857c-4598-b0b4-e19da0e44024,AI Engineer | Junior/Middle,Công ty Cổ phần Innotech Việt Nam,AI_ENGINEER,AI / Machine Learning,AI / GenAI Engineering,Junior,,tech_software,7,3
glints:96765a73-ebd6-4e1d-a3b0-4e95664f19d4,AI Engineer,Công Ty Chứng Khoán Phú Hưng,AI_ENGINEER,AI / Machine Learning,AI / GenAI Engineering,Junior,,bank_finance,18,3
glints:a01904e3-1bd9-4a80-91f7-1b48eb2cb8c3,Fresher/ Junior AI Engineer,Công ty TNHH Công nghệ và Thương mại Lifesup,AI_ENGINEER,AI / Machine Learning,AI / GenAI Engineering,Junior,,tech_software,12,3
glints:de456d8d-dbed-403e-befc-d9a53be5592a,AI Engineer Intern,Edtronaut,AI_ENGINEER,AI / Machine Learning,AI / GenAI Engineering,Intern,,education,17,3
glints:fe6a0bbb-0c08-41d6-9df3-0f62b95c4115,AI Engineer,Công ty cổ phần phần mềm ITSOL Holdings,AI_ENGINEER,AI / Machine Learning,AI / GenAI Engineering,Mid,,tech_software,22,3
itviec:16e6e6ba-9133-47c2-94a5-dd12552d2198,Senior AI Engineer,Trustify Technology,AI_ENGINEER,AI / Machine Learning,AI / GenAI Engineering,Senior,Hồ Chí Minh,tech_software,16,3
itviec:195b97a5-e0c7-458a-84a0-60c4a6c89fa1,Senior AI Engineer,Creative Force,AI_ENGINEER,AI / Machine Learning,AI / GenAI Engineering,Senior,Hà Nội,unknown,11,3
itviec:574d221c-d7a6-45df-921d-6500dcd7fd84,AI Engineer,Samsung Electronics HCMC CE Complex,AI_ENGINEER,AI / Machine Learning,AI / GenAI Engineering,Mid,Hồ Chí Minh,manufacturing,13,3
itviec:62f6c6c5-4839-4526-9a10-e7ff78d9385e,Senior AI Engineer,Panasonic Vietnam Group – Panasonic R&D Center Vietnam (PRDCV),AI_ENGINEER,AI / Machine Learning,AI / GenAI Engineering,Senior,Hà Nội,tech_software,9,3
itviec:69892016-916e-4172-8784-6dd786e0a64f,Mid-Level AI/ML Engineer,Edge8,AI_ENGINEER,AI / Machine Learning,AI / GenAI Engineering,Mid,Hồ Chí Minh,tech_software,13,3
itviec:7767c9b4-4865-4600-ba37-a35a38162cec,AI Engineer,Saigon Technology,AI_ENGINEER,AI / Machine Learning,AI / GenAI Engineering,Mid,Hồ Chí Minh,tech_software,27,3
itviec:7fd89b82-ad13-49f9-87cf-f347fa0d9b5c,AI/ML Engineer,LikeLion Vietnam,AI_ENGINEER,AI / Machine Learning,AI / GenAI Engineering,Junior,Hồ Chí Minh,unknown,23,3
itviec:80f7f33a-cd69-4a22-9d9b-228c7bf251d5,AI Engineer,Phu Hung Securities (PHS),AI_ENGINEER,AI / Machine Learning,AI / GenAI Engineering,Junior,Hồ Chí Minh,bank_finance,14,3
itviec:855688b1-d6e4-4d18-a8dd-07054ce90700,Senior AI Engineer,CÔNG TY TNHH ROOSTERX GLOBAL,AI_ENGINEER,AI / Machine Learning,AI / GenAI Engineering,Senior,Hà Nội,unknown,11,3
itviec:8d4ec6d4-4a57-4472-912e-ce5869903cc3,Senior/Junior AI Engineer,CÔNG TY CỔ PHẦN CÔNG NGHỆ & TRÍ TUỆ NHÂN TẠO ASTRAL-X,AI_ENGINEER,AI / Machine Learning,AI / GenAI Engineering,Senior,Hà Nội,tech_software,20,3
itviec:92bb8963-bfac-4296-992e-a5a88aab92fc,Senior AI Engineer,MB Bank,AI_ENGINEER,AI / Machine Learning,AI / GenAI Engineering,Senior,Hà Nội,bank_finance,12,3
itviec:b1375ec2-e16f-47c5-a755-1d,Remote AI Engineer,VisionTech Global Limited,AI_ENGINEER,AI / Machine Learning,AI / GenAI Engineering,Senior,Hồ Chí Minh,tech_software,9,3
itviec:b758cf09-8871-4e0b-8655-00478ff4019d,Senior AI Engineer,URBOX,AI_ENGINEER,AI / Machine Learning,AI / GenAI Engineering,Senior,Hồ Chí Minh,unknown,13,3
itviec:c6b4705a-96c1-408a-b154-6b9f4398ee50,AI Engineer with Leading Korean AI Entrepreneurs,Abc Studio Việt Nam,AI_ENGINEER,AI / Machine Learning,AI / GenAI Engineering,Mid,Hồ Chí Minh,media_gaming,16,3
itviec:c71ecfae-a456-4c04-abc5-be80b828fc62,Senior AI Developer,Bosch Global Software Technologies Company Limited,AI_ENGINEER,AI / Machine Learning,AI / GenAI Engineering,Senior,Hồ Chí Minh,tech_software,25,3
itviec:ed255956-b9bd-4d64-a453-7b3f3897c565,AI Engineer,Asilla,AI_ENGINEER,AI / Machine Learning,AI / GenAI Engineering,Mid,Hà Nội,unknown,10,3
itviec:f190c56b-14c0-446b-a2b7-111a497104c5,AI Engineer,Mcredit - Công ty Tài chính TNHH MB Shinsei,AI_ENGINEER,AI / Machine Learning,AI / GenAI Engineering,Junior,Hà Nội,bank_finance,14,3
itviec:f838b243-593e-4562-8dda-49ca55d88e69,AI Engineer,VIETTEL CUSTOMER SERVICE,AI_ENGINEER,AI / Machine Learning,AI / GenAI Engineering,Mid,Hà Nội,telecom,16,3
vietnamworks:2055452,AI Technical Lead – Build Real AI Solutions For Manufacturing,"Wanek Furniture CO., LTD.",AI_ENGINEER,AI / Machine Learning,AI / GenAI Engineering,Manager,Bình Dương,manufacturing,4,3
vietnamworks:2058261,AI Engineer,CÔNG TY TNHH PHÁT TRIỂN HƯƠNG VIỆT,AI_ENGINEER,AI / Machine Learning,AI / GenAI Engineering,Mid,,unknown,8,3
vietnamworks:2065152,Kỹ Sư AI / Chuyên Gia AI,Công Ty Cổ Phần Công Nghệ Công Nghiệp Bưu Chính Viễn Thông - VNPT Technology,AI_ENGINEER,AI / Machine Learning,AI / GenAI Engineering,Senior,Hà Nội,telecom,8,3
vietnamworks:2066126,MB Trainee - AI Engineer - Khối Công Nghệ Thông Tin,NGÂN HÀNG TMCP QUÂN ĐỘI – MBBANK,AI_ENGINEER,AI / Machine Learning,AI / GenAI Engineering,Junior,Hà Nội,bank_finance,6,3
vietnamworks:2066640,AI Engineer,Công Ty Cổ Phần ITL Aviation Logistics,AI_ENGINEER,AI / Machine Learning,AI / GenAI Engineering,Mid,Hồ Chí Minh,logistics,12,3
careerviet:35C73B86,AI/NLP ENGINEER,CÔNG TY CỔ PHẦN SALE PLUS,CV_NLP,AI / Machine Learning,AI / GenAI Engineering,Mid,Hà Nội,unknown,9,3
glints:96f740c0-e282-4ad1-a24b-44d5c0c71192,SENIOR NLP ENGINEER,Công ty Cổ phần Công nghệ Prep,CV_NLP,AI / Machine Learning,AI / GenAI Engineering,Senior,,tech_software,17,3
itviec:048af43d-ce30-48db-ac08-6fdef182a27c,AI Computer Vision Engineer – eKYC,DNSE,CV_NLP,AI / Machine Learning,AI / GenAI Engineering,Mid,Hà Nội,unknown,6,3
itviec:72996d99-8356-4fb4-ab49-9e27d8a78bcd,Trưởng nhóm Computer Vision/AI Engineer,Vega Corporation,CV_NLP,AI / Machine Learning,AI / GenAI Engineering,Lead,Hà Nội,unknown,10,3
itviec:852c4975-6e73-4e3c-9f4e-2fa0706e0fb4,Kỹ Sư AI Thị Giác Máy Tính - Có Xe Đưa Đón,Mektec,CV_NLP,AI / Machine Learning,AI / GenAI Engineering,Mid,,unknown,16,3
itviec:8e37b231-d6be-4b2e-99a8-e7fcc93b40de,Senior/Staff Embedded Application Engineer – AI Robotic,Renesas Design Vietnam,CV_NLP,AI / Machine Learning,AI / GenAI Engineering,Lead,Hồ Chí Minh,tech_software,7,3
topdev:2105158,AI/NLP Engineer / Algorithm Engineer– Junior/Mid/Senior- English,CAZOODLE,CV_NLP,AI / Machine Learning,AI / GenAI Engineering,Senior,Hà Nội,unknown,10,3
vietnamworks:2056546,Phát Triển AI - Topk,CÔNG TY TRÁCH NHIỆM HỮU HẠN TOP ENGINEERING VINA,CV_NLP,AI / Machine Learning,AI / GenAI Engineering,Mid,Vĩnh Phúc,manufacturing,4,3
vietnamworks:2060032,Kỹ Sư Phát Triển Phần Mềm AI Cho Thiết Bị Thông Minh,Công Ty Cổ Phần Công Nghệ Công Nghiệp Bưu Chính Viễn Thông - VNPT Technology,CV_NLP,AI / Machine Learning,AI / GenAI Engineering,Junior,Hà Nội,telecom,5,3
vietnamworks:2067850,Engineer/senior Engineer Of AI,Hoya Glass Disk Vietnam,CV_NLP,AI / Machine Learning,AI / GenAI Engineering,Senior,Hà Nội,manufacturing,9,3
itviec:794863b4-575a-4d42-9894-1f4be539ed04,Senior Data Engineer,ITviec Recruitment Consulting,DATA_ENGINEER,Data Engineering,Pipelines & Platform,Senior,Hồ Chí Minh,recruitment_agency,11,3
topdev:2113223,DATA ENGINEER,CÔNG TY TNHH DREAM TALENT,DATA_ENGINEER,Data Engineering,Pipelines & Platform,Mid,Hồ Chí Minh,recruitment_agency,20,3
careerviet:35C71D71,Giám đốc Trung tâm Trí tuệ nhân tạo,Công ty Cổ phần Tập đoàn Meey Land,DATA_LEADERSHIP,Data Leadership,Leadership,Manager,Hà Nội,real_estate_construction,21,3
careerviet:35C783C4,Senior Data Scientist,Ngân Hàng TMCP Phương Đông - OCB,DATA_SCIENTIST,AI / Machine Learning,Data / Decision Science,Senior,Hồ Chí Minh,bank_finance,14,3
itviec:52676de3-41db-4920-bbaa-61a6a7bcf133,Senior Data Scientist – ID2649,VPBank,DATA_SCIENTIST,AI / Machine Learning,Data / Decision Science,Senior,Hà Nội,bank_finance,21,3
itviec:d108423e-e276-4925-96b9-6bac972a6b83,Senior Data Scientist,Spiraledge,DATA_SCIENTIST,AI / Machine Learning,Data / Decision Science,Senior,Hồ Chí Minh,unknown,30,3
topcv:2005516,Data Science Intern,CÔNG TY CỔ PHẦN ĐẦU TƯ FINPROS,DATA_SCIENTIST,AI / Machine Learning,Data / Decision Science,Intern,Hà Nội,bank_finance,11,3
topcv:2179754,Junior Data Scientist - TA192,Vpbank,DATA_SCIENTIST,AI / Machine Learning,Data / Decision Science,Junior,Hà Nội,bank_finance,22,3
topcv:2189952,Senior Map/Data Scientist,Pro Công ty cổ phần Tasco,DATA_SCIENTIST,AI / Machine Learning,Data / Decision Science,Senior,Hà Nội,unknown,18,3
topcv:2193862,Senior Data Scientist,Công Ty Cổ Phần Dược Phẩm Pharmacity,DATA_SCIENTIST,AI / Machine Learning,Data / Decision Science,Senior,Hồ Chí Minh,retail_consumer,14,3
itviec:87b60c8e-93ac-49a7-bc99-d057b94a4936,Chuyên viên Lập trình AI,AITS | Vietnam Airlines,GENAI_LLM,AI / Machine Learning,AI / GenAI Engineering,Mid,Hà Nội,logistics,13,3
careerviet:35C6DDB5,DevOps Engineer,Công ty TNHH Viettel - CHT,MLOPS,AI / Machine Learning,ML Engineering,Mid,Hà Nội,telecom,16,3
careerviet:35C76E22,Machine Learning Engineer,Công ty TNHH Greystone Data Systems Việt Nam,ML_ENGINEER,AI / Machine Learning,ML Engineering,Mid,Hồ Chí Minh,tech_software,12,3
itviec:e3df26aa-635e-4fc0-8f57-ade3ec50d566,Senior Machine Learning Engineer,KeyTechX,ML_ENGINEER,AI / Machine Learning,ML Engineering,Senior,,tech_software,22,3
glints:5f30220c-5edd-40ad-aebe-fa5fa0f8a99b,AI Research Intern,Gsoft,RESEARCH_SCIENTIST,AI / Machine Learning,Data / Decision Science,Intern,,tech_software,7,3
itviec:dc178b41-f868-4401-b4e6-2f00843f0c0f,Mid/Senior Microsoft AI / Power Platform Developer,SSTech,AI_ENGINEER,AI / Machine Learning,AI / GenAI Engineering,Senior,Hồ Chí Minh,tech_software,15,4
careerviet:35C71365,Senior Data Management Specialist – Business Analyst - ID4328,Ngân Hàng TMCP Việt Nam Thịnh Vượng - VPBANK,BUSINESS_ANALYST,Analytics,Business / Domain Analysis,Senior,Hà Nội,bank_finance,7,4
itviec:d4acbee5-a745-42d6-80e3-4238639020ed,Business Analyst,FPT Digital,BUSINESS_ANALYST,Analytics,Business / Domain Analysis,Lead,Hồ Chí Minh,tech_software,7,4
vietnamworks:2042739,Chuyên Viên Phân Tích Dữ Liệu Kinh Doanh,Tổng Công Ty Hàng Hải Việt Nam - CTCP,DATA_ANALYST,Analytics,Data Analysis & BI,Mid,Hà Nội,logistics,3,4
vietnamworks:2057705,CV/CVC/CVCC Kỹ Thuật Dữ Liệu,Ngân hàng Lộc Phát Việt Nam LPBank,DATA_ANALYST,Analytics,Data Analysis & BI,Senior,Hà Nội,bank_finance,5,4
vietnamworks:2066682,Chuyên viên cao cấp/Chuyên viên chính phân tích dữ liệu Khách hàng - Khối Ngân hàng Cá nhân,Ngân hàng TMCP Tiên Phong (TPBank),DATA_ANALYST,Analytics,Data Analysis & BI,Senior,Hà Nội,bank_finance,3,4
itviec:1eadecf6-3060-4d6d-83a5-2d4c65f23b81,Data Architect,Tổng công ty Tân Cảng Sài Gòn (Saigon NewPort Corporation),DATA_ARCHITECT,Governance & Architecture,Governance & Architecture,Mid,Hồ Chí Minh,logistics,7,4
itviec:42152f14-6812-49cc-99e8-f2ec06910e41,Junior Data Modeler,CÔNG TY CỔ PHẦN AN NINH MẠNG QUỐC TẾ - ICS,DATA_ARCHITECT,Governance & Architecture,Governance & Architecture,Junior,Hà Nội,tech_software,11,4
topdev:2112034,Data Architect Manager,HEINEKEN Vietnam,DATA_ARCHITECT,Governance & Architecture,Governance & Architecture,Manager,Hồ Chí Minh,retail_consumer,7,4
vietnamworks:2068299,Head Of Data Architect,Navigos Search's Client,DATA_ARCHITECT,Governance & Architecture,Governance & Architecture,Manager,Hà Nội,recruitment_agency,5,4
careerviet:35C77D47,Chuyên viên Quản lý Kho và Mô hình dữ liệu,Ngân Hàng TMCP Sài Gòn - Hà Nội ( SHB ),DATA_ENGINEER,Data Engineering,Pipelines & Platform,Mid,Hà Nội,bank_finance,11,4
careerviet:35C7A039,Customer & Product Analytics Executive,CÔNG TY TÀI CHÍNH TNHH NGÂN HÀNG TMCP SÀI GÒN - HÀ NỘI (SHBFinance),DATA_ENGINEER,Data Engineering,Pipelines & Platform,Junior,Hồ Chí Minh,bank_finance,14,4
careerviet:35C7AD43,Data Engineer - Dự án CNTT,Ngân Hàng TMCP Sài Gòn - Hà Nội ( SHB ),DATA_ENGINEER,Data Engineering,Pipelines & Platform,Mid,Hà Nội,bank_finance,11,4
glints:7f1c0e92-3a4d-46f5-8676-f21acf6b13fe,Data Engineer,Viettel Cyber Security,DATA_ENGINEER,Data Engineering,Pipelines & Platform,Mid,,tech_software,9,4
vietnamworks:2056693,SAP Data Migration Consultant,Bosch Global Software Technologies Company Limited,DATA_ENGINEER,Data Engineering,Pipelines & Platform,Mid,Hồ Chí Minh,tech_software,1,4
careerviet:35C6D767,Advisor for Tracking and Monitoring of the NDC,Văn phòng đại diện Tổ chức Hợp tác Quốc tế Đức GIZ tại Hà Nội,DATA_GOVERNANCE,Governance & Architecture,Governance & Architecture,Senior,Hà Nội,public_sector,5,4
careerviet:35C6FCF1,CRM Solutions Expert / Senior CRM Consultant,CÔNG TY TNHH GALAXY DIGITAL HOLDINGS,DATA_GOVERNANCE,Governance & Architecture,Governance & Architecture,Senior,Hồ Chí Minh,tech_software,7,4
itviec:702afded-df61-4138-b515-4eb7decf1d9a,Data Quality Management Specialist - Data Division,MB Bank,DATA_GOVERNANCE,Governance & Architecture,Governance & Architecture,Junior,Hà Nội,bank_finance,5,4
itviec:9cf00f77-ed08-44e4-bd5b-e98a215c8829,Data Governance,Công ty Cổ phần Chứng khoán VPBank,DATA_GOVERNANCE,Governance & Architecture,Governance & Architecture,Mid,Hà Nội,bank_finance,9,4
itviec:e02aa39e-35ed-4602-8f1d-b702382e2c54,CVCC Quản trị dữ liệu -K.CNTT,PVcomBank,DATA_GOVERNANCE,Governance & Architecture,Governance & Architecture,Senior,Hà Nội,bank_finance,15,4
itviec:e726ad5e-2695-47ac-acd4-db6bb1488236,Chuyên viên Phòng Quản trị dữ liệu – Khối CN và DL,Ngân hàng TNHH MTV Việt Nam Hiện Đại (MBV),DATA_GOVERNANCE,Governance & Architecture,Governance & Architecture,Unknown,Hà Nội,bank_finance,8,4
topdev:2109210,CVC Data Governance,Ngân hàng TMCP Công Thương Việt Nam (Vietinbank),DATA_GOVERNANCE,Governance & Architecture,Governance & Architecture,Mid,Hà Nội,bank_finance,7,4
vietnamworks:2054962,Chuyên Viên Triển Khai Và Quản Trị Dữ Liệu,Công Ty TNHH Alpha Plus,DATA_GOVERNANCE,Governance & Architecture,Governance & Architecture,Mid,Hồ Chí Minh,unknown,2,4
vietnamworks:2056100,"Assistant Manager, Compliance",FWD Vietnam Life Insurance Company Limited,DATA_GOVERNANCE,Governance & Architecture,Governance & Architecture,Manager,Hồ Chí Minh,bank_finance,1,4
vietnamworks:2058847,Chuyên Viên Cao Cấp Bảo Mật Dữ Liệu - Khối Dữ Liệu - Senior Data Security - Data Division,NGÂN HÀNG TMCP QUÂN ĐỘI – MBBANK,DATA_GOVERNANCE,Governance & Architecture,Governance & Architecture,Senior,Hà Nội,bank_finance,3,4
vietnamworks:2058848,Chuyên Viên Quản Lý Chất Lượng Dữ Liệu - Data Quality Management Specialist - Khối Dữ Liệu,NGÂN HÀNG TMCP QUÂN ĐỘI – MBBANK,DATA_GOVERNANCE,Governance & Architecture,Governance & Architecture,Junior,Hà Nội,bank_finance,2,4
vietnamworks:2058983,Head Of Product Delivery And Operations,NAB Innovation Centre Vietnam,DATA_GOVERNANCE,Governance & Architecture,Governance & Architecture,Manager,Hồ Chí Minh,tech_software,4,4
vietnamworks:2059026,"Head Of Reporting, Governance Program Execution And Third-Party Risk Management",NAB Innovation Centre Vietnam,DATA_GOVERNANCE,Governance & Architecture,Governance & Architecture,Manager,Hà Nội,tech_software,3,4
vietnamworks:2061533,Nhân Viên Định Phí,Tổng Công Ty CP Bảo Hiểm Toàn Cầu (GIC),DATA_GOVERNANCE,Governance & Architecture,Governance & Architecture,Junior,Hồ Chí Minh,bank_finance,8,4
vietnamworks:2062023,Chuyên Viên Quản Lý Dự Án,Công Ty Cổ Phần HTC Viễn Thông Quốc Tế,DATA_GOVERNANCE,Governance & Architecture,Governance & Architecture,Mid,Hà Nội,telecom,2,4
vietnamworks:2063794,Manager - Data Governance,PwC (Vietnam) Ltd.,DATA_GOVERNANCE,Governance & Architecture,Governance & Architecture,Manager,Hà Nội,consulting_audit,5,4
vietnamworks:2065113,Chuyên Viên Bảo Mật Dữ Liệu - Mã Số: Anbm-02,Chi Nhánh Trung Tâm Công Nghệ Thông Tin Tập Đoàn Bảo Việt,DATA_GOVERNANCE,Governance & Architecture,Governance & Architecture,Mid,Hà Nội,tech_software,3,4
vietnamworks:2065373,Trưởng Phòng Công Nghệ Thông Tin,Công Ty Cổ Phần Địa ốc Tsan Group,DATA_GOVERNANCE,Governance & Architecture,Governance & Architecture,Manager,Hà Nội,real_estate_construction,1,4
vietnamworks:2067416,"Sinh Viên Tài Năng Khối Công Nghệ Thông Tin, Dữ Liệu",Ngân Hàng TMCP Ngoại Thương Việt Nam - Vietcombank,DATA_GOVERNANCE,Governance & Architecture,Governance & Architecture,Intern,Hà Nội,bank_finance,1,4
itviec:cd9d217b-3c91-4ffa-8fbe-783c4e2ada10,Trưởng Phòng CNTT & Chuyển Đổi Số,Công ty Cổ phần Tập đoàn Everland,DATA_LEADERSHIP,Data Leadership,Leadership,Manager,Hà Nội,real_estate_construction,7,4
vietnamworks:2040637,Data Manager,NEYU,DATA_LEADERSHIP,Data Leadership,Leadership,Manager,Hồ Chí Minh,tech_software,7,4
topcv:2183517,Data Scientist,Fpt Telecom,DATA_SCIENTIST,AI / Machine Learning,Data / Decision Science,Lead,Hà Nội,telecom,11,4
vietnamworks:2067685,Chuyên Viên/ Chuyên Gia ERP Oracle,Công Ty Cổ Phần Tập Đoàn Hoa Sen,DBA_DATABASE,Data Engineering,Database / DBA,Senior,Hồ Chí Minh,manufacturing,2,4
vietnamworks:2058855,Chuyên Viên Cao Cấp Quản Trị Rủi Ro Công Nghệ - Senior IT Risks Management Specialist - Khối Quản Trị Rủi Ro,NGÂN HÀNG TMCP QUÂN ĐỘI – MBBANK,RISK_FRAUD_ANALYST,Analytics,Business / Domain Analysis,Senior,Hà Nội,bank_finance,3,4
itviec:48b31cd4-dd64-4677-a871-556756f904ac,Manager Software Engineer/Technical Lead Engineer,One Mount Group,AI_ENGINEER,AI / Machine Learning,AI / GenAI Engineering,Manager,Hà Nội,tech_software,14,5
vietnamworks:2060564,AI Engineer,Techcombank,AI_ENGINEER,AI / Machine Learning,AI / GenAI Engineering,Senior,Hà Nội,bank_finance,11,5
topcv:2011620,Game Data Analytics Engineer,Công ty TNHH Horus Productions,ANALYTICS_ENGINEER,Data Engineering,Pipelines & Platform,Junior,Hà Nội,media_gaming,16,5
topcv:2153027,Lead Analytics Engineer,CÔNG TY TNHH LEVER SPHERE VIỆT NAM,ANALYTICS_ENGINEER,Data Engineering,Pipelines & Platform,Lead,Hà Nội,unknown,9,5
topcv:2195339,Lead Analytics Engineer,CÔNG TY TNHH THƯƠNG MẠI VÀ TRUYỀN THÔNG QUẢNG CÁO GOLDEN PHOENIX,ANALYTICS_ENGINEER,Data Engineering,Pipelines & Platform,Lead,Hà Nội,media_gaming,9,5
careerviet:35C74F2E,Chuyên viên cao cấp Giải pháp giám sát dịch vụ nội bộ - MVHB,Ngân hàng Thương mại Cổ phần Hàng Hải Việt Nam (MSB),BI,Analytics,Data Analysis & BI,Lead,Hà Nội,bank_finance,12,5
careerviet:35C7A8FE,Business Intelligence Engineer,Công Ty CP Việt Tinh Anh,BI,Analytics,Data Analysis & BI,Mid,Hồ Chí Minh,unknown,16,5
vietnamworks:2066633,Kỹ Sư Nền Tảng Dữ Liệu Lớn - Khối Công Nghệ Thông Tin,Ngân hàng TMCP Tiên Phong (TPBank),BIG_DATA_ENGINEER,Data Engineering,Pipelines & Platform,Senior,Hà Nội,bank_finance,6,5
vietnamworks:2066639,Trưởng Phòng/Chuyên Gia Nền Tảng Kỹ Thuật Dữ Liệu,Ngân hàng TMCP Tiên Phong (TPBank),BIG_DATA_ENGINEER,Data Engineering,Pipelines & Platform,Manager,Hà Nội,bank_finance,9,5
careerviet:35C783BE,Senior Business Analyst,Ngân Hàng TMCP Phương Đông - OCB,BUSINESS_ANALYST,Analytics,Business / Domain Analysis,Senior,Hồ Chí Minh,bank_finance,7,5
topdev:2105304,Chuyên Viên Phân Tích Nghiệp Vụ,CÔNG TY TNHH FETEK VIỆT NAM,BUSINESS_ANALYST,Analytics,Business / Domain Analysis,Junior,Hà Nội,unknown,4,5
topdev:2109568,Business Analyst Asst Manager,CÔNG TY TRÁCH NHIỆM HỮU HẠN JAPFA COMFEED VIỆT NAM,BUSINESS_ANALYST,Analytics,Business / Domain Analysis,Manager,Hồ Chí Minh,energy_agri,14,5
vietnamworks:2060347,Senior CVM Business Analyst,Home Credit Vietnam - Explore Your Dream Team,BUSINESS_ANALYST,Analytics,Business / Domain Analysis,Senior,Hồ Chí Minh,bank_finance,2,5
vietnamworks:2060599,"Senior Officer, Data Translator - TechcomLife",Techcombank,BUSINESS_ANALYST,Analytics,Business / Domain Analysis,Senior,Hà Nội,bank_finance,9,5
itviec:63d691de-f5ce-4dec-bf12-a77bac989d16,Data Platform Operations,ABBANK,DATAOPS,Data Engineering,Pipelines & Platform,Mid,Hà Nội,bank_finance,22,5
vietnamworks:2052937,Junior DataOps Engineer,Profectus Vietnam Co. Ltd.,DATAOPS,Data Engineering,Pipelines & Platform,Junior,Hồ Chí Minh,consulting_audit,7,5
careerviet:35C704F3,Chuyên viên cao cấp/Chuyên viên chính Phân tích dữ liệu nâng cao – Khối Công nghệ thông tin,Ngân Hàng TMCP Tiên Phong (TPBank),DATA_ANALYST,Analytics,Data Analysis & BI,Senior,Hà Nội,bank_finance,11,5
topcv:1002984,Chuyên Viên Phân Tích Dữ Liệu,CÔNG TY CỔ PHẦN TƯ VẤN CÔNG NGHỆ NGS,DATA_ANALYST,Analytics,Data Analysis & BI,Mid,Hà Nội,tech_software,15,5
topcv:2172898,Business Data Analyst,VIETTEL DIGITAL SERVICES CORPORATION - BRANCH OF VIETTEL GROUP,DATA_ANALYST,Analytics,Data Analysis & BI,Mid,Hà Nội,tech_software,8,5
topcv:2177903,Senior Data Analyst,CÔNG TY CỔ PHẦN SÀN GIAO DỊCH TÀI SẢN MÃ HÓA VIỆT NAM THỊNH VƯỢNG,DATA_ANALYST,Analytics,Data Analysis & BI,Senior,Hà Nội,bank_finance,8,5
vietnamworks:2055113,Analysis Engineer,Công Ty TNHH LG Display Việt Nam Hải Phòng,DATA_ANALYST,Analytics,Data Analysis & BI,Junior,Hải Phòng,manufacturing,2,5
vietnamworks:2058851,Chuyên Viên Phân Tích và Thiết Kế Mô Hình Dữ Liệu - Data Analyst - Khối Dữ Liệu,NGÂN HÀNG TMCP QUÂN ĐỘI – MBBANK,DATA_ANALYST,Analytics,Data Analysis & BI,Mid,Hà Nội,bank_finance,4,5
careerviet:35C73174,Senior IT Architecture,Nova Service Group - Công ty Cổ phần Tập đoàn Nova Services,DATA_ARCHITECT,Governance & Architecture,Governance & Architecture,Senior,Hồ Chí Minh,unknown,23,5
itviec:1b48e9dc-95d8-4108-96d8-999bd70c4b98,Data Architect - Data Division,MB Bank,DATA_ARCHITECT,Governance & Architecture,Governance & Architecture,Senior,Hà Nội,bank_finance,14,5
itviec:c62cf212-931c-4bae-8701-6ead6070aa5c,Senior Data Architect,PVcomBank,DATA_ARCHITECT,Governance & Architecture,Governance & Architecture,Senior,Hà Nội,bank_finance,5,5
topdev:2109213,CVCC Data Architect 2026,Ngân hàng TMCP Công Thương Việt Nam (Vietinbank),DATA_ARCHITECT,Governance & Architecture,Governance & Architecture,Senior,Hà Nội,bank_finance,13,5
vietnamworks:2058856,Chuyên Viên Cao Cấp Kiến Trúc Giải Pháp Dữ Liệu - Data Architect - Khối Dữ Liệu,NGÂN HÀNG TMCP QUÂN ĐỘI – MBBANK,DATA_ARCHITECT,Governance & Architecture,Governance & Architecture,Senior,Hà Nội,bank_finance,6,5
careerviet:35C6D684,Data Engineer,Công ty CP Công nghệ giáo dục Trường học trực tuyến (ONSCHOOL),DATA_ENGINEER,Data Engineering,Pipelines & Platform,Junior,Hà Nội,education,16,5
careerviet:35C6F679,Data Engineer,Công ty Cổ phần Chứng khoán DNSE,DATA_ENGINEER,Data Engineering,Pipelines & Platform,Junior,Hà Nội,bank_finance,18,5
careerviet:35C702C0,Senior Data Engineer,CÔNG TY TNHH GALAXY DIGITAL HOLDINGS,DATA_ENGINEER,Data Engineering,Pipelines & Platform,Senior,Hồ Chí Minh,tech_software,29,5
careerviet:35C704D1,Chuyên viên chính/cao cấp Xử lý dữ liệu - Khối Công nghệ thông tin,Ngân Hàng TMCP Tiên Phong (TPBank),DATA_ENGINEER,Data Engineering,Pipelines & Platform,Senior,Hà Nội,bank_finance,11,5
careerviet:35C7235F,Senior Data Engineer - TNTech - 3K040,Tập đoàn ROX (ROX Group),DATA_ENGINEER,Data Engineering,Pipelines & Platform,Senior,Hà Nội,real_estate_construction,42,5
careerviet:35C72649,Senior Data Engineer,Ngân Hàng TMCP Quốc Dân (NCB),DATA_ENGINEER,Data Engineering,Pipelines & Platform,Senior,Hà Nội,bank_finance,21,5
careerviet:35C72650,Senior Data Tester - Data and Digital Transformation Division,Ngân Hàng TMCP Quốc Dân (NCB),DATA_ENGINEER,Data Engineering,Pipelines & Platform,Senior,Hà Nội,bank_finance,23,5
careerviet:35C72F95,Data Engineer & Dashboard,Công ty TNHH Japfa Comfeed Việt Nam,DATA_ENGINEER,Data Engineering,Pipelines & Platform,Junior,,energy_agri,18,5
careerviet:35C74668,Data Engineering,Tổng Công ty Cổ phần Bảo hiểm Ngân hàng Đầu tư và Phát triển Việt Nam (BIC),DATA_ENGINEER,Data Engineering,Pipelines & Platform,Mid,Hà Nội,bank_finance,15,5
careerviet:35C750D8,Data Engineer - ISC,CÔNG TY CỔ PHẦN DƯỢC PHẨM FPT LONG CHÂU,DATA_ENGINEER,Data Engineering,Pipelines & Platform,Mid,Hồ Chí Minh,retail_consumer,17,5
careerviet:35C752FD,Hồ Chí Minh – CVCC Data Warehouse - ID2795,Ngân Hàng TMCP Việt Nam Thịnh Vượng - VPBANK,DATA_ENGINEER,Data Engineering,Pipelines & Platform,Senior,Hồ Chí Minh,bank_finance,16,5
careerviet:35C759D8,Data Engineering,Panasonic Electric Works Vietnam,DATA_ENGINEER,Data Engineering,Pipelines & Platform,Senior,Bình Dương,manufacturing,8,5
careerviet:35C7644A,DevOps Data Engineer,Công Ty Cổ Phần TEECOM,DATA_ENGINEER,Data Engineering,Pipelines & Platform,Senior,Hồ Chí Minh,unknown,16,5
careerviet:35C767EE,Data & Reporting Deputy Manager,Công Ty Tài Chính Mirae Asset (Việt Nam),DATA_ENGINEER,Data Engineering,Pipelines & Platform,Manager,Hồ Chí Minh,bank_finance,20,5
careerviet:35C77829,Data Engineer,Tổng Công ty Cổ phần Công trình Viettel,DATA_ENGINEER,Data Engineering,Pipelines & Platform,Mid,Hà Nội,real_estate_construction,24,5
careerviet:35C779C9,Kỹ sư dữ liệu AI (Data Engineer,CÔNG TY LIÊN DOANH VẬN CHUYỂN QUỐC TẾ HẢI VÂN,DATA_ENGINEER,Data Engineering,Pipelines & Platform,Mid,Hà Nội,logistics,21,5
careerviet:35C77DD8,Chuyên viên/Chuyên viên CC DE,Công ty Cổ phần Chứng khoán Sài Gòn - Hà Nội,DATA_ENGINEER,Data Engineering,Pipelines & Platform,Mid,Hà Nội,bank_finance,27,5
careerviet:35C783C3,Senior Data Engineer,Ngân Hàng TMCP Phương Đông - OCB,DATA_ENGINEER,Data Engineering,Pipelines & Platform,Senior,Hồ Chí Minh,bank_finance,23,5
careerviet:35C78C8C,Chuyên viên cao cấp/Chuyên gia Quản lý dữ liệu - Khối Ngân hàng Bán lẻ,Ngân Hàng TMCP Sài Gòn - Hà Nội ( SHB ),DATA_ENGINEER,Data Engineering,Pipelines & Platform,Senior,Hà Nội,bank_finance,24,5
careerviet:35C79F56,Data Engineer,Teamwork Vietnam Ltd,DATA_ENGINEER,Data Engineering,Pipelines & Platform,Unknown,Hồ Chí Minh,tech_software,21,5
glints:378ec53e-4cb8-41fd-9ac8-927992bb7372,Data Engineering,CÔNG TY CỔ PHẦN CÔNG NGHỆ UNITRUST VIỆT NAM,DATA_ENGINEER,Data Engineering,Pipelines & Platform,Mid,,tech_software,15,5
glints:3a16d9d2-33a8-481a-ad6d-7998acc693c3,Data Engineer,Công ty TNHH Công nghệ và Thương mại Lifesup,DATA_ENGINEER,Data Engineering,Pipelines & Platform,Junior,,tech_software,15,5
glints:56904b52-8be1-441d-8833-05cf31c21960,Data Engineer,"The Code Talent Co,. Ltd",DATA_ENGINEER,Data Engineering,Pipelines & Platform,Mid,,tech_software,33,5
glints:5a99a719-4856-467a-994c-4eab600abfe9,Senior Data Engineer,Công ty TNHH Diksha Technologies,DATA_ENGINEER,Data Engineering,Pipelines & Platform,Senior,,tech_software,11,5
glints:5d1f4d97-6c39-4697-8fc2-0bb2d710c702,Data Engineer,Công ty Cổ phần Công nghệ SotaTek,DATA_ENGINEER,Data Engineering,Pipelines & Platform,Senior,,tech_software,38,5
glints:91fc27dc-c2aa-4202-9a1f-10d0b2a0ccc1,Middle Data Tester,Nenkin GGS,DATA_ENGINEER,Data Engineering,Pipelines & Platform,Mid,,unknown,8,5
glints:cef38fa0-caad-43df-a79c-833024667be6,Data Engineer,SotaTek,DATA_ENGINEER,Data Engineering,Pipelines & Platform,Mid,,tech_software,19,5
glints:e95fa32b-0e53-4728-8f00-7e7963f41b6a,Data Engineer,Công Ty Chứng Khoán Acb,DATA_ENGINEER,Data Engineering,Pipelines & Platform,Mid,,bank_finance,24,5
itviec:0d89e1f4-cb50-46cc-878c-d95e39a557ef,Data Engineer,Bảo hiểm VietinBank (VBI),DATA_ENGINEER,Data Engineering,Pipelines & Platform,Mid,Hà Nội,bank_finance,34,5
itviec:165fe2a7-bdc8-4c6a-b2e4-d1c29713c753,Software Engineer,AIRR Labs,DATA_ENGINEER,Data Engineering,Pipelines & Platform,Mid,Hồ Chí Minh,tech_software,18,5
itviec:1bef6fda-dcb0-44bd-b099-ea2b600ba54f,Senior/Lead Data Engineer,ITviec Recruitment Consulting,DATA_ENGINEER,Data Engineering,Pipelines & Platform,Lead,Hồ Chí Minh,recruitment_agency,16,5
itviec:246da202-5fcc-422b-aa4c-60d59529c3ff,Data Engineer,PRATEK,DATA_ENGINEER,Data Engineering,Pipelines & Platform,Junior,Hồ Chí Minh,unknown,11,5
itviec:4201a925-c358-4700-bbcc-5929ec194847,Senior Data Engineer/Data Platform Engineer,AIRR Labs,DATA_ENGINEER,Data Engineering,Pipelines & Platform,Senior,Hồ Chí Minh,tech_software,17,5
itviec:45c640dc-c15a-485e-9b7f-cbd8fad0e35f,Sr Software Engineer-Data Systems,CoderPush,DATA_ENGINEER,Data Engineering,Pipelines & Platform,Senior,Hồ Chí Minh,tech_software,18,5
itviec:4b48eede-f8a2-4b9d-b5b9-280ad5e30f9a,Senior/Lead Platform Engineer,GoTymeX,DATA_ENGINEER,Data Engineering,Pipelines & Platform,Lead,Hồ Chí Minh,bank_finance,15,5
itviec:5288252b-63cd-447d-9ec1-d8c2648ed144,Senior Data Engineer - Financial Crime,GoTymeX,DATA_ENGINEER,Data Engineering,Pipelines & Platform,Senior,Hồ Chí Minh,bank_finance,20,5
itviec:611dd5f0-99cf-411a-b799-2ddc2d979e91,Senior Data Engineer,Công ty TNHH Stravo Vietnam,DATA_ENGINEER,Data Engineering,Pipelines & Platform,Senior,Hồ Chí Minh,tech_software,15,5
itviec:70a021aa-d927-4594-adcf-a4b97908f045,Senior Data Engineer,Amigo,DATA_ENGINEER,Data Engineering,Pipelines & Platform,Senior,Hà Nội,unknown,22,5
itviec:72b4724a-388d-4fdf-a999-be772b78bbb0,Technical Leader - Upto 3300$,Catalytics Data International,DATA_ENGINEER,Data Engineering,Pipelines & Platform,Lead,Hồ Chí Minh,tech_software,13,5
itviec:761814cc-6300-4b8b-bb8d-8a4bb50ff6f3,Data Engineer,PVcomBank,DATA_ENGINEER,Data Engineering,Pipelines & Platform,Junior,Hà Nội,bank_finance,25,5
itviec:82b07354-58b3-45e5-a53e-ec5467ae2e1d,Data Engineer - VIC,Viettel Group,DATA_ENGINEER,Data Engineering,Pipelines & Platform,Mid,Hà Nội,telecom,15,5
itviec:9986f783-1c62-45f3-9f22-0487bf3d685a,Data Engineer,Thuan Thanh Tech,DATA_ENGINEER,Data Engineering,Pipelines & Platform,Mid,Hà Nội,tech_software,21,5
itviec:9a2c8bab-c4ac-47e1-99f8-7243f3aae58a,Data Engineer,SHS | Chứng khoán Sài Gòn - Hà Nội,DATA_ENGINEER,Data Engineering,Pipelines & Platform,Mid,Hà Nội,bank_finance,29,5
itviec:aefc0d62-97b6-4ed7-ae38-f97ea373454c,Senior Data Engineer,Be Group,DATA_ENGINEER,Data Engineering,Pipelines & Platform,Senior,Hồ Chí Minh,ecommerce,13,5
itviec:b1543aa2-05d1-472e-b55b-01e111456e8c,"Senior Officer, Data Engineer- TechcomLife",Techcombank,DATA_ENGINEER,Data Engineering,Pipelines & Platform,Senior,Hà Nội,bank_finance,19,5
itviec:ba024973-f127-4d84-be6d-2db79926aeae,Data Engineer,VNGGames,DATA_ENGINEER,Data Engineering,Pipelines & Platform,Mid,Hồ Chí Minh,media_gaming,10,5
itviec:c62f75f0-8960-4d6d-baef-dd16afcc33e9,Data Tech Lead,Công ty TNHH Stravo Vietnam,DATA_ENGINEER,Data Engineering,Pipelines & Platform,Lead,Hồ Chí Minh,tech_software,14,5
itviec:ca1559bb-9c74-415c-87ef-626935408ef4,Data Engineer,GHN,DATA_ENGINEER,Data Engineering,Pipelines & Platform,Mid,Hồ Chí Minh,logistics,26,5
itviec:fb5b6391-91bb-440b-88c4-ddf5b046907e,Data Engineer,De Heus Asia,DATA_ENGINEER,Data Engineering,Pipelines & Platform,Mid,Hồ Chí Minh,energy_agri,24,5
topcv:1599438,ETL Developer - Data Engineer,Công Ty TNHH LG CNS VIỆT NAM,DATA_ENGINEER,Data Engineering,Pipelines & Platform,Mid,Hà Nội,tech_software,11,5
topcv:1976956,Data Engineer,CÔNG TY TNHH GIẢI PHÁP BRAIN TECH,DATA_ENGINEER,Data Engineering,Pipelines & Platform,Mid,Hồ Chí Minh,tech_software,31,5
topcv:2061819,Data Engineer,CÔNG TY CỔ PHẦN CÔNG NGHỆ AN NINH MẠNG QUỐC GIA VIỆT NAM,DATA_ENGINEER,Data Engineering,Pipelines & Platform,Junior,Hưng Yên,tech_software,11,5
topcv:2114998,Data Engineer,VIETTEL DIGITAL SERVICES CORPORATION - BRANCH OF VIETTEL GROUP,DATA_ENGINEER,Data Engineering,Pipelines & Platform,Junior,Hà Nội,tech_software,14,5
topcv:2123028,Data Engineer,Công ty TNHH Giải pháp Phân tích dữ liệu Insight Data,DATA_ENGINEER,Data Engineering,Pipelines & Platform,Mid,Hồ Chí Minh,tech_software,8,5
topcv:2135980,Data Engineer - TA192,Vpbank,DATA_ENGINEER,Data Engineering,Pipelines & Platform,Mid,Hà Nội,bank_finance,32,5
topcv:2161616,Data Engineer,Công ty Cổ phần Tập đoàn Meey Land,DATA_ENGINEER,Data Engineering,Pipelines & Platform,Mid,Hà Nội,real_estate_construction,15,5
topcv:2163876,Data Engineer,CÔNG TY TNHH CÔNG NGHỆ NHẬN THỨC MÁY HORUS AI,DATA_ENGINEER,Data Engineering,Pipelines & Platform,Senior,Hà Nội,tech_software,15,5
topcv:2168835,Data Engineer,"TECHVIFY SOFTWARE., JSC",DATA_ENGINEER,Data Engineering,Pipelines & Platform,Lead,Hà Nội,tech_software,10,5
topcv:2172230,Data Engineer Lead,CÔNG TY CỔ PHẦN PAYTECH,DATA_ENGINEER,Data Engineering,Pipelines & Platform,Lead,Hà Nội,tech_software,20,5
topcv:2173450,Data Engineer,CÔNG TY CỔ PHẦN LYNKID,DATA_ENGINEER,Data Engineering,Pipelines & Platform,Senior,Hà Nội,unknown,27,5
topcv:2177773,Data Engineer,Smartosc,DATA_ENGINEER,Data Engineering,Pipelines & Platform,Mid,Hà Nội,tech_software,26,5
topcv:2177866,Middle Data Engineer Từ 2 Năm Kinh Nghiệm,công ty cổ phần Data Impact,DATA_ENGINEER,Data Engineering,Pipelines & Platform,Mid,Hà Nội,tech_software,23,5
topcv:2179021,Data Engineer,CÔNG TY TNHH MỘT THÀNH VIÊN AN NINH MẠNG VIETTEL,DATA_ENGINEER,Data Engineering,Pipelines & Platform,Mid,Hà Nội,telecom,17,5
topcv:2179631,Senior Data Engineer – Finance Division - ID437,Vpbank,DATA_ENGINEER,Data Engineering,Pipelines & Platform,Senior,Hà Nội,bank_finance,29,5
topcv:2183737,Trưởng Nhóm Data Engineer,Công ty cổ phần Ecoit,DATA_ENGINEER,Data Engineering,Pipelines & Platform,Lead,Hà Nội,unknown,16,5
topcv:2184635,Data Engineer - Hà Nội - TA105,Vpbank,DATA_ENGINEER,Data Engineering,Pipelines & Platform,Mid,Hà Nội,bank_finance,18,5
topcv:2185054,Data Engineer_HN_TA165,Vpbank,DATA_ENGINEER,Data Engineering,Pipelines & Platform,Mid,Hà Nội,bank_finance,16,5
topcv:2187432,Data Engineer,CÔNG TY CỔ PHẦN CÔNG NGHỆ TRÍ TUỆ NHÂN TẠO VBEE AITALK,DATA_ENGINEER,Data Engineering,Pipelines & Platform,Mid,Hà Nội,tech_software,15,5
topcv:2187604,Data Engineer Thu Nhập Hấp Dẫn Up To 50m,Công ty cổ phần XNK Đầu tư và Công nghệ HD Việt Nam,DATA_ENGINEER,Data Engineering,Pipelines & Platform,Mid,Hà Nội,tech_software,20,5
topcv:2189290,Data Engineer,CÔNG TY TNHH I-KONECT GLOBAL,DATA_ENGINEER,Data Engineering,Pipelines & Platform,Senior,Hồ Chí Minh,tech_software,16,5
topcv:2189464,Data Engineer,CÔNG TY CỔ PHẦN TƯ VẤN CÔNG NGHỆ NGS,DATA_ENGINEER,Data Engineering,Pipelines & Platform,Mid,Hà Nội,tech_software,20,5
topcv:2189808,Data Engineer,Công ty Cổ phần Tập đoàn Công nghệ Thiên Hoàng,DATA_ENGINEER,Data Engineering,Pipelines & Platform,Mid,Hà Nội,tech_software,16,5
topcv:2191290,Senior Data Engineer,CÔNG TY TNHH CÔNG NGHỆ PHẦN MỀM LUTECH,DATA_ENGINEER,Data Engineering,Pipelines & Platform,Senior,,tech_software,17,5
topcv:2193468,Data Engineer,CÔNG TY CỔ PHẦN THƯƠNG MẠI XUẤT NHẬP KHẨU GLOBAL GLORY,DATA_ENGINEER,Data Engineering,Pipelines & Platform,Mid,Hà Nội,logistics,16,5
topcv:2196638,Kỹ Sư Dữ Liệu,TRUNG TÂM DỊCH VỤ DỮ LIỆU VÀ TRÍ TUỆ NHÂN TẠO VIETTEL - CHI NHÁNH TẬP ĐOÀN CÔNG NGHIỆP - VIỄN THÔNG QUÂN ĐỘI,DATA_ENGINEER,Data Engineering,Pipelines & Platform,Mid,Hà Nội,telecom,22,5
topcv:773695,Data Engineer,Công ty TNHH Raffles Việt Nam,DATA_ENGINEER,Data Engineering,Pipelines & Platform,Mid,Hà Nội,real_estate_construction,9,5
topcv:905982,Data Engineer,Sofitel,DATA_ENGINEER,Data Engineering,Pipelines & Platform,Mid,Hà Nội,unknown,18,5
topdev:2105324,CV/CVC/CVCC Kỹ thuật Dữ liệu -,NGÂN HÀNG THƯƠNG MẠI CỔ PHẦN LỘC PHÁT VIỆT NAM LPBANK,DATA_ENGINEER,Data Engineering,Pipelines & Platform,Senior,Hồ Chí Minh,bank_finance,21,5
topdev:2106629,SENIOR DATA ENGINEER,CÔNG TY TNHH SOCOTEC VIỆT NAM,DATA_ENGINEER,Data Engineering,Pipelines & Platform,Senior,Hà Nội,consulting_audit,21,5
topdev:2111430,Product Data Engineer,CÔNG TY CỔ PHẦN JEMMIA,DATA_ENGINEER,Data Engineering,Pipelines & Platform,Mid,Hồ Chí Minh,unknown,3,5
topdev:2111457,Remote Data Engineer - AI Data Platform Japan,SalesNow Inc.,DATA_ENGINEER,Data Engineering,Pipelines & Platform,Mid,,unknown,15,5
topdev:2113692,Kỹ Sư Dữ Liệu,Tổng Công Ty Hạ Tầng Mạng (VNPT-Net),DATA_ENGINEER,Data Engineering,Pipelines & Platform,Junior,Hà Nội,telecom,10,5
vietnamworks:2054759,Senior Data Engineer,Asia Ingredients Group,DATA_ENGINEER,Data Engineering,Pipelines & Platform,Senior,Hồ Chí Minh,manufacturing,7,5
vietnamworks:2055311,Data & Reporting Deputy Manager,Mirae Asset Finance Company (Viet Nam) Ltd.,DATA_ENGINEER,Data Engineering,Pipelines & Platform,Manager,Hồ Chí Minh,bank_finance,14,5
vietnamworks:2056142,Senior Data Engineer,Công Ty TNHH Tentamus Việt Nam,DATA_ENGINEER,Data Engineering,Pipelines & Platform,Senior,Cần Thơ,consulting_audit,8,5
vietnamworks:2057330,Data Engineer,Volio Vietnam,DATA_ENGINEER,Data Engineering,Pipelines & Platform,Mid,Hà Nội,unknown,10,5
vietnamworks:2057850,Senior Data Engineer,Bosch Global Software Technologies Company Limited,DATA_ENGINEER,Data Engineering,Pipelines & Platform,Senior,Hồ Chí Minh,tech_software,15,5
vietnamworks:2058300,Senior Database Engineering - Governance,FPT Software,DATA_ENGINEER,Data Engineering,Pipelines & Platform,Senior,Hồ Chí Minh,tech_software,6,5
vietnamworks:2059069,Data Engineer,De Heus LLC,DATA_ENGINEER,Data Engineering,Pipelines & Platform,Senior,Hồ Chí Minh,energy_agri,14,5
vietnamworks:2059185,Data Engineer,KPMG Việt Nam,DATA_ENGINEER,Data Engineering,Pipelines & Platform,Mid,Hồ Chí Minh,consulting_audit,10,5
vietnamworks:2060247,Data Engineer,Công Ty TNHH Chứng Khoán ACB,DATA_ENGINEER,Data Engineering,Pipelines & Platform,Mid,Hồ Chí Minh,bank_finance,10,5
vietnamworks:2060568,"Expert, Data Engineer - TechcomLife",Techcombank,DATA_ENGINEER,Data Engineering,Pipelines & Platform,Manager,Hà Nội,bank_finance,14,5
vietnamworks:2065404,Data Engineer,Tasco Joint Stock Company,DATA_ENGINEER,Data Engineering,Pipelines & Platform,Mid,Hà Nội,manufacturing,6,5
vietnamworks:2066009,Senior Data Engineer,Navigos Search's Client,DATA_ENGINEER,Data Engineering,Pipelines & Platform,Senior,Hà Nội,recruitment_agency,6,5
vietnamworks:2067043,Senior Data Engineer,Archetype Vietnam Ltd.,DATA_ENGINEER,Data Engineering,Pipelines & Platform,Senior,Hồ Chí Minh,unknown,5,5
vietnamworks:2067855,Data Engineer,Công Ty CP Hyundai Aluminum Vina,DATA_ENGINEER,Data Engineering,Pipelines & Platform,Senior,Hà Nội,manufacturing,11,5
vietnamworks:2068370,SOCOM Data Engineer,ONPOINT COMPANY LIMITED,DATA_ENGINEER,Data Engineering,Pipelines & Platform,Mid,Hồ Chí Minh,ecommerce,10,5
vietnamworks:2068678,Home Racer - Data Engineer,Home Credit Vietnam - Explore Your Dream Team,DATA_ENGINEER,Data Engineering,Pipelines & Platform,Junior,Hồ Chí Minh,bank_finance,7,5
vietnamworks:2041585,Data Governance & Master Data Management Supervisor,Anheuser- Busch Inbev (AB Inbev),DATA_GOVERNANCE,Governance & Architecture,Governance & Architecture,Lead,Hồ Chí Minh,manufacturing,4,5
careerviet:35C7228C,Data Scientist,"BRAVESTARS.,JSC",DATA_SCIENTIST,AI / Machine Learning,Data / Decision Science,Mid,Hà Nội,unknown,9,5
careerviet:35C76C56,"P. Khoa học dữ liệu, Hội sở - Chuyên viên Vận hành mô hình",Ngân Hàng TMCP Phương Đông - OCB,DATA_SCIENTIST,AI / Machine Learning,Data / Decision Science,Junior,Hồ Chí Minh,bank_finance,17,5
itviec:660cc354-bcb5-460e-a208-26dacea29fb3,Senior Data Scientist,DATA NEST,DATA_SCIENTIST,AI / Machine Learning,Data / Decision Science,Senior,Hồ Chí Minh,tech_software,12,5
itviec:97b80985-31bf-4feb-8c5e-a64ddab17a85,Senior Data Scientist,Renesas Design Vietnam,DATA_SCIENTIST,AI / Machine Learning,Data / Decision Science,Senior,Hồ Chí Minh,tech_software,13,5
topdev:2112036,Data Analytics Consultant,HEINEKEN Vietnam,DATA_SCIENTIST,AI / Machine Learning,Data / Decision Science,Mid,Hồ Chí Minh,retail_consumer,11,5
vietnamworks:2060985,Chuyên Viên Khoa Học Dữ Liệu,Công Ty Cổ Phần Chứng Khoán MB,DATA_SCIENTIST,AI / Machine Learning,Data / Decision Science,Mid,Hà Nội,bank_finance,2,5
vietnamworks:2067775,Data Scientist,Công Ty TNHH T.M.G,DATA_SCIENTIST,AI / Machine Learning,Data / Decision Science,Mid,Hồ Chí Minh,unknown,1,5
careerviet:35C6E4EC,Head of Database Administration Section,Indovina Bank Ltd.,DBA_DATABASE,Data Engineering,Database / DBA,Manager,Hồ Chí Minh,bank_finance,7,5
itviec:cb9e9c18-518e-4299-b4fd-6ce9265fed37,Chuyên viên Quản trị cơ sở dữ liệu,VRB,DBA_DATABASE,Data Engineering,Database / DBA,Mid,Hà Nội,unknown,11,5
itviec:eb7a57f0-4d08-4096-bf2e-de5e1829d836,Database Developer,VietFul,DBA_DATABASE,Data Engineering,Database / DBA,Junior,Hồ Chí Minh,unknown,8,5
vietnamworks:2056881,Database Administrator,Công Ty TNHH Socotec Việt Nam,DBA_DATABASE,Data Engineering,Database / DBA,Mid,Hà Nội,consulting_audit,4,5
vietnamworks:2057708,CVC/CVCC Vận Hành Cơ Sở Dữ Liệu,Ngân hàng Lộc Phát Việt Nam LPBank,DBA_DATABASE,Data Engineering,Database / DBA,Senior,Hồ Chí Minh,bank_finance,7,5
vietnamworks:2061755,Database Engineer,CÔNG TY TNHH NEXT WAVE ENERGY MONITORING,DBA_DATABASE,Data Engineering,Database / DBA,Mid,Hồ Chí Minh,energy_agri,13,5
vietnamworks:2061845,ICT Database Administration Supervisor,Shinhan Vietnam Finance Company Limited,DBA_DATABASE,Data Engineering,Database / DBA,Lead,Hồ Chí Minh,bank_finance,10,5
vietnamworks:2065097,Chuyên Viên Quản Trị Cơ Sở Dữ Liệu và Ứng Dụng CNTT - Mã Số: Vhqt-01,Chi Nhánh Trung Tâm Công Nghệ Thông Tin Tập Đoàn Bảo Việt,DBA_DATABASE,Data Engineering,Database / DBA,Mid,Hà Nội,tech_software,6,5
vietnamworks:2065335,Chuyên Viên Quản Trị Cơ Sở Dữ Liệu DBA,Tổng Công Ty Bưu Điện Việt Nam - VIETNAMPOST,DBA_DATABASE,Data Engineering,Database / DBA,Junior,Hà Nội,logistics,4,5
vietnamworks:2067952,Oracle Database Administrator,Unigen Vietnam Hanoi Co.Ltd,DBA_DATABASE,Data Engineering,Database / DBA,Mid,Bắc Ninh,unknown,6,5
vietnamworks:2062359,Chuyên Gia Xây Dựng Mô Hình Rủi Ro - Id458,VPBank - Https://tuyendung.vpbank.com.vn/,RISK_FRAUD_ANALYST,Analytics,Business / Domain Analysis,Senior,Hồ Chí Minh,bank_finance,2,5
itviec:0e483bf9-13b1-4d30-9f19-663b43e53df5,Analytics Engineer,METUB Việt Nam,ANALYTICS_ENGINEER,Data Engineering,Pipelines & Platform,Mid,Hồ Chí Minh,media_gaming,23,6
careerviet:35C6E865,Phó Phòng Tài chính,BVBank - Ngân hàng Bản Việt,BI,Analytics,Data Analysis & BI,Manager,Hồ Chí Minh,bank_finance,16,6
careerviet:35C70C22,Senior Business Intelligence - Mảng Đầu Tư,NGÂN HÀNG TMCP KỸ THƯƠNG VIỆT NAM (TECHCOMBANK),BI,Analytics,Data Analysis & BI,Senior,Hà Nội,bank_finance,5,6
careerviet:35C78ECC,Power BI Analyst,Techtronic Industries Vietnam Manufacturing Company Limited,BI,Analytics,Data Analysis & BI,Junior,Hồ Chí Minh,manufacturing,12,6
careerviet:35C79B77,Chuyên viên công nghệ thông tin,PTSC Offshore Services (POS),BI,Analytics,Data Analysis & BI,Mid,,energy_agri,26,6
careerviet:35C79D6C,Marketing Intelligence Manager,Công ty CP Giáo dục Quốc tế Việt Úc,BI,Analytics,Data Analysis & BI,Manager,Hồ Chí Minh,education,15,6
itviec:6432754b-4dde-4c7d-a015-86bda2ccca40,Senior Data & Business Intelligence Professional,CÔNG TY CỔ PHẦN CHỨNG KHOÁN KAFI,BI,Analytics,Data Analysis & BI,Senior,Hồ Chí Minh,bank_finance,16,6
topcv:2096277,Business Intelligence Specialist – Collections,FE CREDIT,BI,Analytics,Data Analysis & BI,Mid,Hồ Chí Minh,bank_finance,9,6
topcv:2168178,"BI Analyst - Power Platform, Power BI Thu Nhập 12 - 15 Triệu",CÔNG TY TNHH VY LÊ TRAINING,BI,Analytics,Data Analysis & BI,Mid,Hồ Chí Minh,education,8,6
topcv:2178974,BI Engineer,Fptis,BI,Analytics,Data Analysis & BI,Mid,Hà Nội,tech_software,8,6
topcv:2196468,Senior Business Intelligence - HN - TA174,Vpbank,BI,Analytics,Data Analysis & BI,Senior,Hà Nội,bank_finance,6,6
topcv:2200670,Trưởng Bộ Phận BI,Công ty TNHH Embermax,BI,Analytics,Data Analysis & BI,Manager,Hà Nội,unknown,13,6
topdev:2111197,Business Intelligence,"CyberLogitec Vietnam Co., Ltd.",BI,Analytics,Data Analysis & BI,Mid,Hồ Chí Minh,tech_software,8,6
vietnamworks:2035764,- MIS DEVELOPER,Shinhan Bank Vietnam,BI,Analytics,Data Analysis & BI,Mid,Hồ Chí Minh,bank_finance,7,6
vietnamworks:2044474,Business Intelligence Specialist,NEYU,BI,Analytics,Data Analysis & BI,Senior,Hà Nội,tech_software,10,6
vietnamworks:2052750,Group Business Intelligence Lead,Công Ty Cổ Phần Openasia,BI,Analytics,Data Analysis & BI,Manager,Hà Nội,unknown,6,6
vietnamworks:2056144,Senior Power BI Developer / Data Analyst,Công Ty TNHH Tentamus Việt Nam,BI,Analytics,Data Analysis & BI,Senior,Cần Thơ,consulting_audit,5,6
vietnamworks:2057821,Business Intelligence Analyst,Công Ty Cổ Phần Elmich,BI,Analytics,Data Analysis & BI,Mid,Hà Nội,unknown,7,6
vietnamworks:2058293,Senior BI Analyst,Bee Logistics Corporation,BI,Analytics,Data Analysis & BI,Senior,Hồ Chí Minh,logistics,7,6
vietnamworks:2058849,Chuyên Viên Báo Cáo Tuân Thủ - Compliance Reporting Officer - Khối Dữ Liệu,NGÂN HÀNG TMCP QUÂN ĐỘI – MBBANK,BI,Analytics,Data Analysis & BI,Junior,Hà Nội,bank_finance,6,6
vietnamworks:2060674,Senior Data Analyst/ Business Intelligence Executive,VUS - The English Center,BI,Analytics,Data Analysis & BI,Senior,Hồ Chí Minh,education,10,6
vietnamworks:2064209,"Data & Reporting Officer, Credit Administration & Supervision Department, Head Office",Public Bank Vietnam Ltd,BI,Analytics,Data Analysis & BI,Manager,Hà Nội,bank_finance,6,6
vietnamworks:2064371,Business Intelligence Manager,Dezan Shira & Cộng Sự Việt Nam,BI,Analytics,Data Analysis & BI,Manager,Hồ Chí Minh,consulting_audit,1,6
vietnamworks:2065284,Marketing Intelligence Manager,Vietnam Australia International School (VAS),BI,Analytics,Data Analysis & BI,Manager,Hồ Chí Minh,education,9,6
vietnamworks:2065445,HR Data Management and Analytics Senior Specialist,Prudential Vietnam Assurance,BI,Analytics,Data Analysis & BI,Senior,Hồ Chí Minh,bank_finance,6,6
vietnamworks:2065513,"Specialist, BI & Process Automation","DKSH Vietnam Co., Ltd.",BI,Analytics,Data Analysis & BI,Junior,Hồ Chí Minh,logistics,7,6
vietnamworks:2065652,Data Analysis,"Delfortgroup/ Wattens Vietnam CO., Ltd",BI,Analytics,Data Analysis & BI,Junior,Bình Dương,unknown,9,6
vietnamworks:2065823,Chuyên Viên ERP,Công Ty Cổ Phần Tập Đoàn Sunhouse,BI,Analytics,Data Analysis & BI,Mid,Hà Nội,unknown,5,6
vietnamworks:2067860,Analytics / BI Engineer,Công Ty CP Hyundai Aluminum Vina,BI,Analytics,Data Analysis & BI,Senior,Hà Nội,manufacturing,7,6
vietnamworks:2068631,RPA Developer,Navigos Search's Client,BI,Analytics,Data Analysis & BI,Mid,Hà Nội,recruitment_agency,4,6
careerviet:35C7264D,Chuyên gia Kế toán tổng hợp - Khối Quản trị Tài chính,HR Vietnam’s ESS Client,BUSINESS_ANALYST,Analytics,Business / Domain Analysis,Senior,Hồ Chí Minh,recruitment_agency,5,6
glints:d00e9301-000b-4319-ab34-e4576cc2a82b,Management Information System Specialist,AKA Furniture,BUSINESS_ANALYST,Analytics,Business / Domain Analysis,Mid,,manufacturing,7,6
vietnamworks:2036082,Trưởng Phòng/ Chuyên Gia/chuyên Gia Cao Cấp Quản Trị Hiệu Suất Kinh Doanh,Công Ty Cổ Phần Tập Đoàn Đầu Tư I.P.A,BUSINESS_ANALYST,Analytics,Business / Domain Analysis,Manager,Hà Nội,unknown,7,6
vietnamworks:2055230,Data & Digital Business Partner - Business Analyst,De Heus LLC,BUSINESS_ANALYST,Analytics,Business / Domain Analysis,Junior,Hồ Chí Minh,energy_agri,8,6
vietnamworks:2056458,Sales Operation Executive,HEINEKEN Vietnam,BUSINESS_ANALYST,Analytics,Business / Domain Analysis,Mid,Hồ Chí Minh,retail_consumer,3,6
vietnamworks:2062037,Trợ Lý Tư Vấn ERP,"Yonyou Network Technology Co., Ltd",BUSINESS_ANALYST,Analytics,Business / Domain Analysis,Junior,Hồ Chí Minh,tech_software,3,6
vietnamworks:2063235,Sales Planning Analyst,Shinhan Vietnam Finance Company Limited,BUSINESS_ANALYST,Analytics,Business / Domain Analysis,Mid,Hồ Chí Minh,bank_finance,1,6
vietnamworks:2064183,"Chuyên viên cao cấp, Chuyên gia Kiểm định Mô hình kinh doanh - Senior Business Model Validation Analyst - Khối Dữ liệu",NGÂN HÀNG TMCP QUÂN ĐỘI – MBBANK,BUSINESS_ANALYST,Analytics,Business / Domain Analysis,Senior,Hà Nội,bank_finance,9,6
careerviet:35C72C6B,Data Analyst,Công ty TNHH Viettel - CHT,DATA_ANALYST,Analytics,Data Analysis & BI,Mid,Hà Nội,telecom,21,6
careerviet:35C765B7,Chuyên viên Phân tích dữ liệu,Tập Đoàn Lộc Trời,DATA_ANALYST,Analytics,Data Analysis & BI,Mid,Hồ Chí Minh,energy_agri,16,6
careerviet:35C770B1,CVCC/Chuyên gia Phân tích dữ liệu - Data Analyst,CÔNG TY CỔ PHẦN KINH DOANH F88,DATA_ANALYST,Analytics,Data Analysis & BI,Senior,Hà Nội,bank_finance,17,6
careerviet:35C77A2C,Giảng viên Phân tích Dữ liệu Cơ bản,Chương trình Học viện Công nghệ BKACAD,DATA_ANALYST,Analytics,Data Analysis & BI,Mid,Hà Nội,education,11,6
careerviet:35C78339,Senior Data Analyst,Công Ty Cổ Phần TEECOM,DATA_ANALYST,Analytics,Data Analysis & BI,Senior,Hồ Chí Minh,unknown,13,6
careerviet:35C79395,Chuyên viên cao cấp Cơ sở Dữ liệu,Công Ty Cổ Phần Tập Đoàn Đầu Tư Địa Ốc No Va,DATA_ANALYST,Analytics,Data Analysis & BI,Senior,Hồ Chí Minh,real_estate_construction,28,6
careerviet:35C79648,CHUYÊN VIÊN PHÂN TÍCH DỮ LIỆU,Công ty Cổ phần đầu tư phát triển máy Việt Nam,DATA_ANALYST,Analytics,Data Analysis & BI,Mid,Hà Nội,manufacturing,24,6
careerviet:35C79DA1,Chuyên viên Phân tích dữ liệu,Tổng Công ty Cổ phần Công trình Viettel,DATA_ANALYST,Analytics,Data Analysis & BI,Mid,Hà Nội,real_estate_construction,8,6
careerviet:35C7AD25,Data Analyst - Dự án CNTT,Ngân Hàng TMCP Sài Gòn - Hà Nội ( SHB ),DATA_ANALYST,Analytics,Data Analysis & BI,Mid,Hà Nội,bank_finance,13,6
careerviet:35C7ADA2,Senior Data Analyst,Nova Service Group - Công ty Cổ phần Tập đoàn Nova Services,DATA_ANALYST,Analytics,Data Analysis & BI,Senior,Hồ Chí Minh,unknown,20,6
glints:3dd6ea2c-2a6b-4c70-b819-70174f727dc1,Data Analyst,Công ty TNHH Các Giải Pháp Softel,DATA_ANALYST,Analytics,Data Analysis & BI,Senior,,tech_software,13,6
glints:584b4cf5-006b-46ef-b7b5-9e873e59f8dd,Data analyst,Baller Headwear,DATA_ANALYST,Analytics,Data Analysis & BI,Junior,,retail_consumer,14,6
glints:592b7722-8323-4638-a610-d3c1cfc0d4a0,Data Analyst,Viettel Cyber Security,DATA_ANALYST,Analytics,Data Analysis & BI,Mid,,tech_software,14,6
itviec:0db4cbc4-e309-46cd-843c-37535ebb483e,Senior Data Analyst,FPT Digital,DATA_ANALYST,Analytics,Data Analysis & BI,Senior,Hồ Chí Minh,tech_software,14,6
itviec:520ed023-1ede-4742-ac1d-070d57f279f4,IT Data Analyst,CÔNG TY TNHH ĐẠI HIỀN TÂM,DATA_ANALYST,Analytics,Data Analysis & BI,Junior,Hồ Chí Minh,unknown,13,6
itviec:61f0b416-8d7f-4a2b-9f1c-b3656775ec35,Data Analyst,Deliveree On-Demand Logistics,DATA_ANALYST,Analytics,Data Analysis & BI,Mid,Hồ Chí Minh,logistics,13,6
itviec:88296c04-cc81-4a6b-9aa6-3f1d767387c0,Data Analyst,Beyondsoft Technology (Vietnam) Company Limited,DATA_ANALYST,Analytics,Data Analysis & BI,Mid,Hồ Chí Minh,tech_software,12,6
itviec:95a3e834-40aa-451d-bc91-469f87e981e9,Data Intern,ITviec,DATA_ANALYST,Analytics,Data Analysis & BI,Intern,Hồ Chí Minh,recruitment_agency,20,6
itviec:cb4cadc4-a9ea-4e49-a265-68f6889097ed,"Senior Data Analyst, Ahamove",Ahamove,DATA_ANALYST,Analytics,Data Analysis & BI,Senior,Hồ Chí Minh,logistics,23,6
itviec:fede6d77-6c10-4f7f-9b33-736e34c5b3ab,Data Analyst - Data Division,MB Bank,DATA_ANALYST,Analytics,Data Analysis & BI,Junior,Hà Nội,bank_finance,6,6
topcv:1706403,Business Data Analyst,Công ty Cổ phần SIMBATECH,DATA_ANALYST,Analytics,Data Analysis & BI,Mid,Hà Nội,tech_software,14,6
topcv:1968188,Data Analyst Teamleader - Thu Nhập 50 Triệu Tại Hồ Chí Minh,Galaxydebt,DATA_ANALYST,Analytics,Data Analysis & BI,Lead,Hồ Chí Minh,bank_finance,16,6
topcv:2137669,Data Analyst,Công ty Cổ phần Tập đoàn Công nghệ Thiên Hoàng,DATA_ANALYST,Analytics,Data Analysis & BI,Mid,Hà Nội,tech_software,13,6
topcv:2137813,Data Analyst - Junior Up,CÔNG TY CỔ PHẦN BLACKGEMS GLOBAL,DATA_ANALYST,Analytics,Data Analysis & BI,Junior,Hà Nội,unknown,15,6
topcv:2143275,Lead Data Analyst,CÔNG TY CỔ PHẦN GIẢI PHÁP CÔNG NGHỆ BZISOFT,DATA_ANALYST,Analytics,Data Analysis & BI,Lead,Hà Nội,tech_software,10,6
topcv:2149587,Junior Data Analytics,CÔNG TY CỔ PHẦN CÔNG NGHỆ UPBASE,DATA_ANALYST,Analytics,Data Analysis & BI,Junior,Hà Nội,tech_software,6,6
topcv:2169714,Data Analyst,CÔNG TY CỔ PHẦN CÔNG NGHỆ ALPHAWAY,DATA_ANALYST,Analytics,Data Analysis & BI,Lead,Hà Nội,tech_software,7,6
topcv:2171572,Data Analyst - Từ 2 Năm Kinh Nghiệm - Thu Nhập Hấp Dẫn - Làm Việc Tại Hà Nội,Công ty Cổ phần Quảng cáo FPT Adtrue,DATA_ANALYST,Analytics,Data Analysis & BI,Mid,Hà Nội,media_gaming,12,6
topcv:2172546,Data Analyst,Kamereo,DATA_ANALYST,Analytics,Data Analysis & BI,Junior,Hà Nội,ecommerce,21,6
topcv:2175073,Data Analyst,CÔNG TY TNHH BEYONDSOFT TECHNOLOGY (VIETNAM),DATA_ANALYST,Analytics,Data Analysis & BI,Mid,Hồ Chí Minh,tech_software,12,6
topcv:2176140,Intern Data Analyst,Công ty TNHH Dịch vụ công nghệ TP,DATA_ANALYST,Analytics,Data Analysis & BI,Intern,Hà Nội,tech_software,10,6
topcv:2176675,Senior/Expert Data Analyst,Pro Công ty CP Kinh doanh F88,DATA_ANALYST,Analytics,Data Analysis & BI,Senior,Hà Nội,bank_finance,15,6
topcv:2180185,Data Analyst,Unimob Studio,DATA_ANALYST,Analytics,Data Analysis & BI,Mid,Hà Nội,media_gaming,10,6
topcv:2181710,Data Analyst Team Leader,CÔNG TY CỔ PHẦN CÔNG NGHỆ UPBASE,DATA_ANALYST,Analytics,Data Analysis & BI,Lead,Hà Nội,tech_software,6,6
topcv:2183411,Lead Phân Tích Dữ Liệu,CÔNG TY CỔ PHẦN CÔNG NGHỆ SICIX,DATA_ANALYST,Analytics,Data Analysis & BI,Lead,Hà Nội,tech_software,11,6
topcv:2184043,Lead Data Analyst,Công ty TNHH Dịch vụ công nghệ TP,DATA_ANALYST,Analytics,Data Analysis & BI,Lead,Hà Nội,tech_software,9,6
topcv:2187784,Data Analyst,Công ty Cổ phần Công nghệ KiotViet,DATA_ANALYST,Analytics,Data Analysis & BI,Mid,Hà Nội,tech_software,12,6
topcv:2193960,Data Analyst Lead - Dự Án Bộ Công Thương,Công ty TNHH Giải pháp Phân tích dữ liệu Insight Data,DATA_ANALYST,Analytics,Data Analysis & BI,Lead,Hà Nội,tech_software,7,6
topcv:2195268,Data Analyst,CÔNG TY TNHH CÔNG NGHỆ NHẬN THỨC MÁY HORUS AI,DATA_ANALYST,Analytics,Data Analysis & BI,Mid,Hà Nội,tech_software,16,6
topcv:2198830,Trưởng Nhóm Phân Tích Dữ Liệu,IZISolution,DATA_ANALYST,Analytics,Data Analysis & BI,Lead,Hà Nội,tech_software,15,6
topdev:2104537,Chuyên Gia Phân tích dữ liệu và xây dựng mô hình phát hiện gian lận - Khối Quản trị rủi ro,MBBANK,DATA_ANALYST,Analytics,Data Analysis & BI,Senior,Hà Nội,bank_finance,7,6
vietnamworks:2039989,Senior Data Analyst,Công Ty Cổ Phần Chứng Khoán SSI,DATA_ANALYST,Analytics,Data Analysis & BI,Senior,Hà Nội,bank_finance,6,6
vietnamworks:2058608,CRM Data Analytics Manager,Abbott,DATA_ANALYST,Analytics,Data Analysis & BI,Manager,Hồ Chí Minh,healthcare_pharma,2,6
vietnamworks:2059023,Chuyên Viên Phân Tích Khách Hàng Doanh Nghiệp - Business Customer Data Analyst - Khối Dữ Liệu,NGÂN HÀNG TMCP QUÂN ĐỘI – MBBANK,DATA_ANALYST,Analytics,Data Analysis & BI,Junior,Hà Nội,bank_finance,7,6
vietnamworks:2060327,Senior Data Analyst,Bosch Global Software Technologies Company Limited,DATA_ANALYST,Analytics,Data Analysis & BI,Senior,Hồ Chí Minh,tech_software,9,6
vietnamworks:2063581,Data Operations Analyst,OrgScale Recruitment Sdn Bhd,DATA_ANALYST,Analytics,Data Analysis & BI,Junior,Hà Nội,recruitment_agency,8,6
vietnamworks:2063904,Chuyên Viên Cao Cấp - Dự Báo,Công Ty Cổ Phần Vàng Bạc Đá Quý Phú Nhuận (PNJ),DATA_ANALYST,Analytics,Data Analysis & BI,Senior,Hồ Chí Minh,retail_consumer,3,6
vietnamworks:2067246,HR Data Analyst,Công Ty Cổ Phần Nhựa Tái Chế Duy Tân,DATA_ANALYST,Analytics,Data Analysis & BI,Mid,,manufacturing,5,6
careerviet:35C79FD1,Data Engineer,Viet Thai International,DATA_ENGINEER,Data Engineering,Pipelines & Platform,Mid,Hồ Chí Minh,unknown,16,6
itviec:66c3cc18-dc11-4f9a-9c7f-9a10318e4424,Data Engineer - Data Division,MB Bank,DATA_ENGINEER,Data Engineering,Pipelines & Platform,Mid,Hà Nội,bank_finance,10,6
topcv:1918050,Data Engineer,SVTECH,DATA_ENGINEER,Data Engineering,Pipelines & Platform,Junior,Hà Nội,tech_software,12,6
topcv:2124490,Data Engineer Lead,CÔNG TY CỔ PHẦN CÔNG NGHỆ ALPHAWAY,DATA_ENGINEER,Data Engineering,Pipelines & Platform,Lead,Hà Nội,tech_software,11,6
vietnamworks:2058663,Financial Information Management & Data Engineering Manager,United Overseas Bank (Vietnam) Limited (UOB),DATA_ENGINEER,Data Engineering,Pipelines & Platform,Manager,Hồ Chí Minh,bank_finance,8,6
vietnamworks:2058854,Kỹ Sư Dữ Liệu - Data Engineer - Khối Dữ Liệu,NGÂN HÀNG TMCP QUÂN ĐỘI – MBBANK,DATA_ENGINEER,Data Engineering,Pipelines & Platform,Junior,Hà Nội,bank_finance,3,6
careerviet:35C7A4A0,Chuyên Viên Cao Cấp/ Chuyên Gia Quản Trị Dữ Liệu MIS & Hiệu Suất Kinh Doanh – Bộ phận BFM,Công Ty CP Chứng Khoán VNDIRECT,DATA_GOVERNANCE,Governance & Architecture,Governance & Architecture,Senior,Hà Nội,bank_finance,20,6
vietnamworks:2062926,Chuyên viên Quản lý Dữ liệu Sản phẩm,Công ty Cổ phần Tập đoàn Golden Gate,DATA_GOVERNANCE,Governance & Architecture,Governance & Architecture,Mid,Hà Nội,retail_consumer,5,6
vietnamworks:2064578,IT Director,Công Ty Cổ Phần Uniben,DATA_GOVERNANCE,Governance & Architecture,Governance & Architecture,Manager,Hồ Chí Minh,unknown,7,6
careerviet:35C6F4D1,Trưởng Bộ phận Tài chính,BVBank - Ngân hàng Bản Việt,DATA_LEADERSHIP,Data Leadership,Leadership,Manager,Hồ Chí Minh,bank_finance,14,6
careerviet:35C76EC0,Data Analytics Manager,Công Ty Cổ Phần Tập Đoàn TH,DATA_LEADERSHIP,Data Leadership,Leadership,Manager,Hà Nội,unknown,11,6
careerviet:35C79F07,Data Manager,RED2 DIGITAL,DATA_LEADERSHIP,Data Leadership,Leadership,Manager,Hồ Chí Minh,tech_software,17,6
glints:e6051f56-2783-46d9-8f00-96e82841c234,Data Analysis Leader,CÔNG TY TNHH TMT SEN VÀNG VIỆT NAM,DATA_LEADERSHIP,Data Leadership,Leadership,Lead,,unknown,18,6
careerviet:35C702C1,Senior Data Scientist,CÔNG TY TNHH GALAXY DIGITAL HOLDINGS,DATA_SCIENTIST,AI / Machine Learning,Data / Decision Science,Senior,Hồ Chí Minh,tech_software,14,6
glints:3a8effd9-3c92-455e-baf3-bf70d32b509b,Senior Data Scientist,SSI DIGITAL TECHNOLOGY JOINT STOCK COMPANY,DATA_SCIENTIST,AI / Machine Learning,Data / Decision Science,Senior,,tech_software,16,6
itviec:ad09b1e1-0bb6-4a8b-a429-4266b5f5e190,Thực tập sinh Khoa học Dữ liệu,VCS Viet Nam,DATA_SCIENTIST,AI / Machine Learning,Data / Decision Science,Intern,Hà Nội,unknown,22,6
itviec:ada5f2d6-d4f1-451a-9643-e9c5889aa46b,Senior Data Scientist,SSI Securities Corporation,DATA_SCIENTIST,AI / Machine Learning,Data / Decision Science,Senior,Hà Nội,bank_finance,18,6
itviec:cf576ecd-a2bb-4e1c-99f3-9d49d550ef37,Data Scientist - Data Division,MB Bank,DATA_SCIENTIST,AI / Machine Learning,Data / Decision Science,Mid,Hà Nội,bank_finance,19,6
topcv:2147404,Data Scientist,CÔNG TY CỔ PHẦN TOH GROUP,DATA_SCIENTIST,AI / Machine Learning,Data / Decision Science,Senior,Hà Nội,unknown,11,6
topcv:2184405,Data Scientist Expert - Hà Nội - TA150,Vpbank,DATA_SCIENTIST,AI / Machine Learning,Data / Decision Science,Senior,Hà Nội,bank_finance,10,6
topcv:2195903,Chuyên Viên Khoa Học Dữ Liệu,CÔNG TY CỔ PHẦN CÔNG NGHỆ VCS VIỆT NAM,DATA_SCIENTIST,AI / Machine Learning,Data / Decision Science,Mid,Hà Nội,tech_software,20,6
vietnamworks:2058853,Chuyên Viên Cao Cấp Khoa Học Dữ Liệu - Data Scientist - Khối Dữ Liệu,NGÂN HÀNG TMCP QUÂN ĐỘI – MBBANK,DATA_SCIENTIST,AI / Machine Learning,Data / Decision Science,Senior,Hà Nội,bank_finance,7,6
vietnamworks:2063117,AI & Revenue Intelligence Lead,WOWSUITE SOFTWARE,DATA_SCIENTIST,AI / Machine Learning,Data / Decision Science,Manager,Hồ Chí Minh,tech_software,4,6
careerviet:35C7316F,IT Senior Machine Learning Engineer,Dai-ichi Life Việt Nam,ML_ENGINEER,AI / Machine Learning,ML Engineering,Senior,Hồ Chí Minh,bank_finance,4,6
vietnamworks:2062369,Gaming Analyst,The Grand Ho Tram,PRODUCT_ANALYST,Analytics,Business / Domain Analysis,Mid,Hồ Chí Minh,unknown,2,6
careerviet:35C71763,Senior Risk Modelling Development Specialist,FE CREDIT,RISK_FRAUD_ANALYST,Analytics,Business / Domain Analysis,Senior,Hồ Chí Minh,bank_finance,11,6
careerviet:35C72622,Chuyên viên cấp cao/Chuyên gia Phòng Quản trị Mô hình và Danh mục - Khối Quản trị rủi ro,Ngân Hàng TMCP Quốc Dân (NCB),RISK_FRAUD_ANALYST,Analytics,Business / Domain Analysis,Senior,Hà Nội,bank_finance,10,6
careerviet:35C74581,Chuyên gia Kiểm toán Công nghệ thông tin,CÔNG TY TÀI CHÍNH TÍN DỤNG TIÊU DÙNG TNHH MTV AEON,RISK_FRAUD_ANALYST,Analytics,Business / Domain Analysis,Senior,Hà Nội,bank_finance,10,6
careerviet:35C74D30,RISK MODELING SUPPERVISOR,Công Ty Tài Chính Mirae Asset (Việt Nam),RISK_FRAUD_ANALYST,Analytics,Business / Domain Analysis,Mid,Hồ Chí Minh,bank_finance,11,6
topcv:2192246,Chuyên Viên Mô Hình Rủi Ro - Data Science & Risk Modeling Spealist - Khối Quản Trị Rủi Ro,Nganhangthuongmaicophanquandoi,RISK_FRAUD_ANALYST,Analytics,Business / Domain Analysis,Mid,Hà Nội,bank_finance,10,6
topcv:2192249,"Chuyên Viên Cao Cấp, Chuyên Gia Kiểm Định Mô Hình Kinh Doanh - Senior Business Model Validation Analyst - Khối Dữ Liệu",Nganhangthuongmaicophanquandoi,RISK_FRAUD_ANALYST,Analytics,Business / Domain Analysis,Senior,Hà Nội,bank_finance,14,6
topdev:2106123,Chuyên viên - Phòng Giám sát giao dịch và Quản lý rủi ro - Risk Management - Khối Vận hành,MBBANK,RISK_FRAUD_ANALYST,Analytics,Business / Domain Analysis,Lead,Hà Nội,bank_finance,8,6
vietnamworks:2036452,Assistant Credit Risk Analytics Manager,Shinhan Vietnam Finance Company (Shinhan Finance),RISK_FRAUD_ANALYST,Analytics,Business / Domain Analysis,Manager,Hồ Chí Minh,bank_finance,5,6
vietnamworks:2059019,Chuyên Viên Cao Cấp - Phòng Tài Chính - Khối Tài Chính Kế Toán,NGÂN HÀNG TMCP QUÂN ĐỘI – MBBANK,RISK_FRAUD_ANALYST,Analytics,Business / Domain Analysis,Senior,Hà Nội,bank_finance,3,6
vietnamworks:2061155,"Chuyên viên, Chuyên viên cao cấp Xây dựng Mô hình rủi ro - Risk Modeling Specialist, Senior Specialist - Khối Quản trị rủi ro",NGÂN HÀNG TMCP QUÂN ĐỘI – MBBANK,RISK_FRAUD_ANALYST,Analytics,Business / Domain Analysis,Senior,Hà Nội,bank_finance,3,6
vietnamworks:2064181,Chuyên viên Mô hình rủi ro - Data Science & Risk Modeling Spealist - Khối Quản trị rủi ro,NGÂN HÀNG TMCP QUÂN ĐỘI – MBBANK,RISK_FRAUD_ANALYST,Analytics,Business / Domain Analysis,Junior,Hà Nội,bank_finance,6,6
vietnamworks:2066686,_Chuyên Viên Kiểm Định Mô Hình Rủi Ro Tín Dụng,Ngân Hàng TMCP Ngoại Thương Việt Nam - Vietcombank,RISK_FRAUD_ANALYST,Analytics,Business / Domain Analysis,Junior,Hà Nội,bank_finance,4,6
vietnamworks:2068697,Chuyên Viên - Phòng Giám Sát Giao Dịch và Quản Lý Rủi Ro - Risk Management - Khối Vận Hành,NGÂN HÀNG TMCP QUÂN ĐỘI – MBBANK,RISK_FRAUD_ANALYST,Analytics,Business / Domain Analysis,Lead,Hồ Chí Minh,bank_finance,6,6
careerviet:35C6FEF4,Chuyên viên chính/cao cấp Lập trình AI - Khối Công nghệ Thông tin,Ngân Hàng TMCP Tiên Phong (TPBank),AI_ENGINEER,AI / Machine Learning,AI / GenAI Engineering,Senior,Hà Nội,bank_finance,9,7
careerviet:35C71798,Senior AI Engineer,CÔNG TY CỔ PHẦN DƯỢC PHẨM FPT LONG CHÂU,AI_ENGINEER,AI / Machine Learning,AI / GenAI Engineering,Senior,Hồ Chí Minh,retail_consumer,8,7
careerviet:35C73298,- AI ENGINEER,Shinhan Bank Vietnam,AI_ENGINEER,AI / Machine Learning,AI / GenAI Engineering,Mid,Hồ Chí Minh,bank_finance,10,7
careerviet:35C742E5,Senior AI Engineer,DIGI-TEXX Vietnam,AI_ENGINEER,AI / Machine Learning,AI / GenAI Engineering,Senior,Hồ Chí Minh,unknown,8,7
careerviet:35C7B077,KỸ SƯ AI NGÔN NGỮ LỚN,Tổng công ty Xây dựng số 1 – CTCP,AI_ENGINEER,AI / Machine Learning,AI / GenAI Engineering,Mid,Hồ Chí Minh,real_estate_construction,12,7
glints:288fdff6-5a5e-4895-96e8-c7d248f40611,AI engineer,Step Up English,AI_ENGINEER,AI / Machine Learning,AI / GenAI Engineering,Mid,,education,7,7
glints:472de950-1ec1-47f7-8df2-60ad2c88fc07,AI Engineer,BIN CORPORATION GROUP,AI_ENGINEER,AI / Machine Learning,AI / GenAI Engineering,Junior,,unknown,7,7
glints:53836aa5-b450-44ef-8756-7faf370cb344,AI Engineer,Mileon,AI_ENGINEER,AI / Machine Learning,AI / GenAI Engineering,Junior,,unknown,6,7
glints:63d8cedb-473c-4fb2-b218-ff1ecc4e3389,AI Engineer Executive,Công ty TNHH Reputyze Asia,AI_ENGINEER,AI / Machine Learning,AI / GenAI Engineering,Junior,,unknown,5,7
glints:69cdc652-a013-46e1-a789-c2f9e14b5f97,ML/AI Engineer,Viettel Cyber Security,AI_ENGINEER,AI / Machine Learning,AI / GenAI Engineering,Mid,,tech_software,16,7
glints:73be62a3-a3c4-48c7-9369-2dd85d4b05f8,"AI Engineer/AI Solutions Engineer|Python, RAG, LLM, AI Agents",Step Up English,AI_ENGINEER,AI / Machine Learning,AI / GenAI Engineering,Mid,,education,10,7
glints:94a39ba7-cf29-495e-9301-c1e51b5b6a3f,AI Solutions Engineer,Công ty TNHH Sản xuất dịch vụ Prime,AI_ENGINEER,AI / Machine Learning,AI / GenAI Engineering,Mid,,manufacturing,24,7
glints:a5011858-7e9b-441f-9da2-c1e7e3bfd53c,AI Engineer Intern,Công ty Cổ phần Innotech Việt Nam,AI_ENGINEER,AI / Machine Learning,AI / GenAI Engineering,Intern,,tech_software,11,7
glints:d53845ee-66df-4d37-a7d3-c839fc60e4c2,AI ENGINEER – GEN AI,Viettel Cyber Security,AI_ENGINEER,AI / Machine Learning,AI / GenAI Engineering,Mid,,tech_software,13,7
glints:ec176b5f-9136-4848-bf27-bec6f7864606,AI ENGINEER,Công Ty Tnhh Tin Học & Dịch Vụ Nam Long,AI_ENGINEER,AI / Machine Learning,AI / GenAI Engineering,Mid,,tech_software,4,7
glints:fe2098e7-18e4-4132-80de-726eaf310e13,Applied AI Engineer,CÔNG TY CỔ PHẦN CÔNG NGHỆ BYTE,AI_ENGINEER,AI / Machine Learning,AI / GenAI Engineering,Junior,,tech_software,10,7
itviec:02e74bdb-b122-4d3b-bc6e-5a76af2311e5,AI Engineer,Bolt Tech,AI_ENGINEER,AI / Machine Learning,AI / GenAI Engineering,Junior,Hà Nội,tech_software,13,7
itviec:03361dda-bcbe-44ff-870e-040e2bb9621e,AI Software Engineer,MB Bank,AI_ENGINEER,AI / Machine Learning,AI / GenAI Engineering,Junior,Hà Nội,bank_finance,18,7
itviec:0e8f0a36-e8f3-4c39-beca-3e49614b7b93,Agentic Engineer,MB Bank,AI_ENGINEER,AI / Machine Learning,AI / GenAI Engineering,Junior,Hà Nội,bank_finance,18,7
itviec:1b821c23-2441-44c0-b530-53f37fb5526b,AI Solution Architect- Up to 50M,Sunteco,AI_ENGINEER,AI / Machine Learning,AI / GenAI Engineering,Mid,Hà Nội,unknown,19,7
itviec:1d74085f-ea56-4a6d-bb9e-dd70e807774a,AI-Integrated Cad Automation Engineer,Công ty TNHH Peregrine Management Việt Nam,AI_ENGINEER,AI / Machine Learning,AI / GenAI Engineering,Mid,Hà Nội,tech_software,7,7
itviec:210e0d33-2899-4caf-814a-43289ba98985,Machine Learning/AI Engineer,Chotot,AI_ENGINEER,AI / Machine Learning,AI / GenAI Engineering,Senior,Hồ Chí Minh,ecommerce,12,7
itviec:254da14e-95fa-4c92-845d-dad0dbb45827,C# Developer,Scandinavian Software Park,AI_ENGINEER,AI / Machine Learning,AI / GenAI Engineering,Senior,Hà Nội,tech_software,5,7
itviec:25abc8c4-f77b-4854-8f43-18119bafdaea,Senior AI Engineer,PNJ,AI_ENGINEER,AI / Machine Learning,AI / GenAI Engineering,Senior,Hồ Chí Minh,retail_consumer,11,7
itviec:25e39947-7ca0-4f2e-ba3b-4275dcdea63d,Middle AI Engineer,GON TECH,AI_ENGINEER,AI / Machine Learning,AI / GenAI Engineering,Mid,Hồ Chí Minh,tech_software,16,7
itviec:26884de5-043d-4a98-a70f-66a4019bd0df,"Fullstack Engineer - Java, NodeJS, AI",CÔNG TY CỔ PHẦN TẬP ĐOÀN CÔNG NGHỆ & TÀI CHÍNH NOBLEX,AI_ENGINEER,AI / Machine Learning,AI / GenAI Engineering,Mid,Hà Nội,tech_software,20,7
itviec:2c9207c0-8641-438b-989c-df410a9d22a6,Senior AI Expert,MB Bank,AI_ENGINEER,AI / Machine Learning,AI / GenAI Engineering,Senior,Hà Nội,bank_finance,7,7
itviec:2df43cad-8be0-4a89-815a-1b220520d3a6,Mid/Sr AI Engineer,Công ty Cổ phần Xây dựng và Nội thất Remak,AI_ENGINEER,AI / Machine Learning,AI / GenAI Engineering,Senior,Hà Nội,real_estate_construction,7,7
itviec:33681cfa-44cf-4731-8daa-f83ab97c2bcb,Lead AI Engineer,New Ocean IS,AI_ENGINEER,AI / Machine Learning,AI / GenAI Engineering,Lead,Hồ Chí Minh,unknown,22,7
itviec:401a88be-56f5-455f-a824-d9f1b4e03c75,Agentic AI Developer,METUB Việt Nam,AI_ENGINEER,AI / Machine Learning,AI / GenAI Engineering,Unknown,Hồ Chí Minh,media_gaming,3,7
itviec:46f7621d-be0d-400e-8e19-63d6c3ceb68f,AI Engineer,ABBANK,AI_ENGINEER,AI / Machine Learning,AI / GenAI Engineering,Senior,Hà Nội,bank_finance,9,7
itviec:4e4494e2-9d2d-4b9e-bb7b-aa8175a3a545,Tập sự tiềm năng – AI Engineer,Ngân hàng TMCP Tiên Phong | TPBank,AI_ENGINEER,AI / Machine Learning,AI / GenAI Engineering,Mid,Hà Nội,bank_finance,9,7
itviec:5101dc96-ee36-4c7b-93fe-646043517b1f,AI Developer,Ngân hàng TMCP Phương Đông | OCB,AI_ENGINEER,AI / Machine Learning,AI / GenAI Engineering,Mid,Hồ Chí Minh,bank_finance,11,7
itviec:5d8c0db2-b92a-45d4-8d56-b5f74dbcc059,Middle/ Senior AI Engineer,ST Engineering,AI_ENGINEER,AI / Machine Learning,AI / GenAI Engineering,Senior,Hồ Chí Minh,manufacturing,7,7
itviec:676f5d4f-5a23-446c-9dcc-4db57f032c48,Engineering Lead,Skylink Labs,AI_ENGINEER,AI / Machine Learning,AI / GenAI Engineering,Lead,Hồ Chí Minh,tech_software,8,7
itviec:715c38e0-ab65-4b73-af64-9d6edfab5ce9,AI Engineer,Lac Viet Computing Corporation,AI_ENGINEER,AI / Machine Learning,AI / GenAI Engineering,Junior,Hồ Chí Minh,tech_software,8,7
itviec:7e055aef-82ae-4a20-976d-25ba8d4e7d34,Full-stack Developer,Panasonic Vietnam Group – Panasonic R&D Center Vietnam (PRDCV),AI_ENGINEER,AI / Machine Learning,AI / GenAI Engineering,Senior,Hà Nội,tech_software,17,7
itviec:7e80830a-7bf8-46e8-955e-28d9b8ba10fd,Applied AI Research Engineer,CÔNG TY TNHH NANYANG BIOLOGICS VIỆT NAM,AI_ENGINEER,AI / Machine Learning,AI / GenAI Engineering,Senior,Hà Nội,healthcare_pharma,4,7
itviec:7f0f5d2a-9d77-438a-89d6-c34d49027b6c,AI Technical Leader,FPT IS,AI_ENGINEER,AI / Machine Learning,AI / GenAI Engineering,Lead,Hà Nội,tech_software,10,7
itviec:9b37d1a5-d393-4c65-a4c1-092fe80e43b6,AI-Augmented Software Engineer,HQSOFT,AI_ENGINEER,AI / Machine Learning,AI / GenAI Engineering,Senior,Hồ Chí Minh,tech_software,13,7
itviec:a6012c0b-8140-4e44-9229-49c5cac3da07,AI-Powered Principal Fullstack Engineer,"MONEY FORWARD VIETNAM CO.,LTD",AI_ENGINEER,AI / Machine Learning,AI / GenAI Engineering,Lead,Hà Nội,bank_finance,16,7
itviec:a9e20032-f826-421d-ad09-e3c7ff6b11ad,Knowledge System Lead,LeapXpert,AI_ENGINEER,AI / Machine Learning,AI / GenAI Engineering,Lead,Hồ Chí Minh,tech_software,6,7
itviec:bd5d1a16-2345-48ff-a062-0e2b1f521be9,Product Owner,Crossian,AI_ENGINEER,AI / Machine Learning,AI / GenAI Engineering,Senior,Hồ Chí Minh,unknown,2,7
itviec:c03bb9ea-d9e5-4b3a-b17a-ca3c9b1ee07e,Microsoft 365 AI Solutions Architect,SGH Asia Ltd.,AI_ENGINEER,AI / Machine Learning,AI / GenAI Engineering,Unknown,Hồ Chí Minh,unknown,4,7
itviec:c7206199-9368-40ec-b148-611b50bd3c32,AI Native Platform Engineer,"MONEY FORWARD VIETNAM CO.,LTD",AI_ENGINEER,AI / Machine Learning,AI / GenAI Engineering,Senior,Hà Nội,bank_finance,12,7
itviec:c8f13afd-7011-4a9a-bb8f-7199f32e1753,AI Engineer,WBC Việt Nam,AI_ENGINEER,AI / Machine Learning,AI / GenAI Engineering,Mid,Hà Nội,unknown,8,7
itviec:cf56bb51-6b20-4d18-becd-a7142f0fcd1a,AI Engineer,Chailease,AI_ENGINEER,AI / Machine Learning,AI / GenAI Engineering,Junior,Hồ Chí Minh,bank_finance,15,7
itviec:d3f3056e-be97-4924-a1a0-4baaa096b6f9,Applied AI Engineer,Innotech Vietnam Corporation,AI_ENGINEER,AI / Machine Learning,AI / GenAI Engineering,Senior,Hồ Chí Minh,tech_software,8,7
itviec:d831df0a-5e3b-4d1b-9bf8-fb26a76ca618,Agentic Coding Specialist,Scandinavian Software Park,AI_ENGINEER,AI / Machine Learning,AI / GenAI Engineering,Senior,Hà Nội,tech_software,16,7
itviec:d8c89cc9-4d91-4360-90a1-b4637c08da29,AI Engineer Intern,Innotech Vietnam Corporation,AI_ENGINEER,AI / Machine Learning,AI / GenAI Engineering,Intern,Hồ Chí Minh,tech_software,11,7
itviec:dcb24147-4eea-4ca6-83f9-4cf04ad6aca5,Junior AI Engineer - LLM,TRUONG MINH THINH TECHNOLOGY JOINT STOCK COMPANY,AI_ENGINEER,AI / Machine Learning,AI / GenAI Engineering,Junior,Hồ Chí Minh,education,13,7
itviec:de745978-18fd-4c18-b546-91c906331177,AI Agent Engineer : Build the Agent Layer,Panto Martech LLC,AI_ENGINEER,AI / Machine Learning,AI / GenAI Engineering,Mid,,tech_software,7,7
itviec:e6bfb734-80f9-4620-b512-b5fe63414b34,Junior AI Engineer,Công ty Cổ Phần An Ninh Mạng THD,AI_ENGINEER,AI / Machine Learning,AI / GenAI Engineering,Junior,Hồ Chí Minh,tech_software,19,7
itviec:ebc1b88d-64c3-48f7-9f4a-26a71ceb4b83,AI Agent Engineer,TRUONG MINH THINH TECHNOLOGY JOINT STOCK COMPANY,AI_ENGINEER,AI / Machine Learning,AI / GenAI Engineering,Junior,Hồ Chí Minh,education,11,7
itviec:ec0dfc1d-f26b-41e8-8a7c-bf5c0b4c1e7b,Lead AI Engineer,Topicus Vietnam,AI_ENGINEER,AI / Machine Learning,AI / GenAI Engineering,Lead,Hồ Chí Minh,tech_software,14,7
itviec:f377de57-345c-46d6-8e28-56ab13de3b54,AI Engineer,Công ty TNHH Xcons E&C,AI_ENGINEER,AI / Machine Learning,AI / GenAI Engineering,Junior,Hồ Chí Minh,real_estate_construction,7,7
vietnamworks:2043283,AI Solution Engineer,TTT Corporation,AI_ENGINEER,AI / Machine Learning,AI / GenAI Engineering,Senior,Hồ Chí Minh,unknown,3,7
vietnamworks:2048925,AI Engineer,K&M Holdings,AI_ENGINEER,AI / Machine Learning,AI / GenAI Engineering,Junior,Hà Nội,unknown,4,7
vietnamworks:2050345,AI Application Developer | E-Commerce App Developer,Công Ty Cổ Phần Green Leaf Holding,AI_ENGINEER,AI / Machine Learning,AI / GenAI Engineering,Mid,Hà Nội,unknown,6,7
vietnamworks:2056352,AI Solution Architect,Công Ty Cổ Phần Sunteco,AI_ENGINEER,AI / Machine Learning,AI / GenAI Engineering,Senior,Hà Nội,unknown,4,7
vietnamworks:2056610,AI Developer,KPMG Việt Nam,AI_ENGINEER,AI / Machine Learning,AI / GenAI Engineering,Mid,Hồ Chí Minh,consulting_audit,7,7
vietnamworks:2058294,Agentic Ai,FPT Software,AI_ENGINEER,AI / Machine Learning,AI / GenAI Engineering,Mid,Hồ Chí Minh,tech_software,5,7
vietnamworks:2062218,AI Engineer,Công Ty TNHH YIC One,AI_ENGINEER,AI / Machine Learning,AI / GenAI Engineering,Mid,Hà Nội,unknown,4,7
vietnamworks:2064225,RPA & AI Automation Engineer,Odyssey Resources (Vietnam) Limited.,AI_ENGINEER,AI / Machine Learning,AI / GenAI Engineering,Senior,Hồ Chí Minh,unknown,2,7
vietnamworks:2064779,Kỹ Sư Trí Tuệ Nhân Tạo,Công Ty Cổ Phần Tập Đoàn Hoa Sen,AI_ENGINEER,AI / Machine Learning,AI / GenAI Engineering,Mid,Hồ Chí Minh,manufacturing,2,7
vietnamworks:2066128,AI Expert - Khối Công Nghệ Thông Tin,NGÂN HÀNG TMCP QUÂN ĐỘI – MBBANK,AI_ENGINEER,AI / Machine Learning,AI / GenAI Engineering,Senior,Hà Nội,bank_finance,7,7
vietnamworks:2066303,AI Engineer Agentic AI Platform,CÔNG TY CỔ PHẦN UDATA,AI_ENGINEER,AI / Machine Learning,AI / GenAI Engineering,Mid,Hà Nội,tech_software,4,7
vietnamworks:2066588,Senior System Architect,"BELLE ASIA LTD.,",AI_ENGINEER,AI / Machine Learning,AI / GenAI Engineering,Senior,Hà Nội,unknown,8,7
vietnamworks:2068199,Digital Transformation Engineer,Hoya Glass Disk Vietnam II,BI,Analytics,Data Analysis & BI,Mid,Hưng Yên,manufacturing,3,7
careerviet:35C72B8C,"TT. Ngân hàng giao dịch, Hội sở - CV/CVC Triển khai tích hợp đối tác",Ngân Hàng TMCP Phương Đông - OCB,BUSINESS_ANALYST,Analytics,Business / Domain Analysis,Junior,Hồ Chí Minh,bank_finance,1,7
vietnamworks:2056753,AI & Analytics PMO,ONPOINT COMPANY LIMITED,BUSINESS_ANALYST,Analytics,Business / Domain Analysis,Mid,Hồ Chí Minh,ecommerce,1,7
careerviet:35C7A1C6,Chuyên viên cao cấp Phân tích dữ liệu rủi ro,Ngân Hàng TMCP Sài Gòn - Hà Nội ( SHB ),DATA_ANALYST,Analytics,Data Analysis & BI,Senior,Hà Nội,bank_finance,11,7
vietnamworks:2044459,Chuyên gia Dữ liệu & Trí tuệ nhân tạo,Công Ty Cổ Phần Tập Đoàn Masterise,DATA_ARCHITECT,Governance & Architecture,Governance & Architecture,Senior,Hà Nội,real_estate_construction,4,7
vietnamworks:2055756,Senior Marketing Automation & AI Architect,ILA Vietnam,DATA_ARCHITECT,Governance & Architecture,Governance & Architecture,Senior,Hồ Chí Minh,unknown,2,7
careerviet:35C78BB8,Kỹ Sư Dữ liệu,Phu Hung Assurance Corporation,DATA_ENGINEER,Data Engineering,Pipelines & Platform,Mid,Hồ Chí Minh,bank_finance,20,7
itviec:1e469c76-96ef-48d1-bfb1-edf423782233,Platform Engineer,One Mount Group,DATA_ENGINEER,Data Engineering,Pipelines & Platform,Senior,Hồ Chí Minh,tech_software,11,7
itviec:50d34548-7d69-4350-bddf-3d225f4584f2,IT Automation Developer,Minh Việt International (IMV),DATA_ENGINEER,Data Engineering,Pipelines & Platform,Junior,Hồ Chí Minh,unknown,15,7
itviec:57d82d50-0e3b-4fdc-8da0-d7109aae0fff,Chuyên viên Vận hành và Phát triển hệ thống,Công ty cổ phần MAT Group,DATA_ENGINEER,Data Engineering,Pipelines & Platform,Mid,Hà Nội,unknown,14,7
itviec:5dcfae9a-8171-4a06-ac32-fe2f17edb82d,Web Scraping Developer,Officience,DATA_ENGINEER,Data Engineering,Pipelines & Platform,Mid,Hồ Chí Minh,unknown,9,7
itviec:b3ec48f4-2489-4009-b7b5-969b0d039f72,Industrial Data Systems Engineer,Công ty TNHH Peregrine Management Việt Nam,DATA_ENGINEER,Data Engineering,Pipelines & Platform,Senior,Hà Nội,tech_software,17,7
itviec:ba171f15-356a-469d-9569-f709a8dfd386,Software Engineer,NGS,DATA_ENGINEER,Data Engineering,Pipelines & Platform,Mid,Hà Nội,unknown,9,7
vietnamworks:2055502,Chuyên Viên Tích Hợp Nền Tảng Dữ Liệu,Ngân Hàng TMCP Ngoại Thương Việt Nam - Vietcombank,DATA_ENGINEER,Data Engineering,Pipelines & Platform,Junior,Hà Nội,bank_finance,3,7
itviec:995ceeaa-1f5b-48b9-aea2-3e3b343e5a93,Principal/Senior QAQC Engineer,"MONEY FORWARD VIETNAM CO.,LTD",DATA_GOVERNANCE,Governance & Architecture,Governance & Architecture,Lead,Hà Nội,bank_finance,19,7
careerviet:35C78FAB,Giám đốc Phòng Phát Triển ứng dụng và sản phẩm,Công ty TNHH Chứng khoán ACB,DATA_LEADERSHIP,Data Leadership,Leadership,Manager,Hồ Chí Minh,bank_finance,9,7
itviec:247e8e0a-0e12-4e57-9d47-032c81513470,Trưởng Phòng Giải Pháp Công Nghệ,CÔNG TY CỔ PHẦN TẬP ĐOÀN VNGROUP,DATA_LEADERSHIP,Data Leadership,Leadership,Manager,Hà Nội,tech_software,3,7
vietnamworks:2056768,Director,CÔNG TY CỔ PHẦN VINSMART FUTURE,DATA_LEADERSHIP,Data Leadership,Leadership,Manager,Hồ Chí Minh,tech_software,6,7
vietnamworks:2062909,Giám Đốc Trí Tuệ Nhân Tạo,Công Ty Cổ Phần Tập Đoàn Hoa Sen,DATA_LEADERSHIP,Data Leadership,Leadership,Manager,Hồ Chí Minh,manufacturing,3,7
vietnamworks:2068320,Head Of Al Factory,Navigos Search's Client,DATA_LEADERSHIP,Data Leadership,Leadership,Manager,Hà Nội,recruitment_agency,4,7
itviec:64f2d79d-8e92-470a-b8c1-af998b1b0e2a,Senior Data Scientist,Ahamove,DATA_SCIENTIST,AI / Machine Learning,Data / Decision Science,Senior,Hồ Chí Minh,logistics,19,7
itviec:9f9228ff-d057-4cd0-9588-f07a7a3d553d,Senior Data Scientist,CÔNG TY TNHH SOCOTEC VIỆT NAM,DATA_SCIENTIST,AI / Machine Learning,Data / Decision Science,Senior,Hà Nội,consulting_audit,7,7
itviec:b28a0e48-2662-4741-82be-a888da22d819,Data Annotation,Facilitated Work Hub,DATA_SCIENTIST,AI / Machine Learning,Data / Decision Science,Junior,Hồ Chí Minh,unknown,5,7
itviec:c2951228-ac6a-40e4-b99a-8a3392380d02,Senior/Middle Data Scientist,M_Service (MoMo),DATA_SCIENTIST,AI / Machine Learning,Data / Decision Science,Senior,Hồ Chí Minh,bank_finance,8,7
itviec:17fe7aea-532d-4d06-aab5-774e147d1c58,Cộng tác viên Prompt Engineer – Khối CNTT,Ngân hàng TMCP Tiên Phong | TPBank,GENAI_LLM,AI / Machine Learning,AI / GenAI Engineering,Junior,Hà Nội,bank_finance,8,7
itviec:1aed7c32-035f-49dc-884e-e91e421fb096,Senior AI Agent Engineer - Up to 100M,CÔNG TY TNHH FINAN,GENAI_LLM,AI / Machine Learning,AI / GenAI Engineering,Senior,Hồ Chí Minh,bank_finance,10,7
itviec:2c911951-c554-4c4f-8983-6446b652c718,Senior Software Engineer,Ahamove,GENAI_LLM,AI / Machine Learning,AI / GenAI Engineering,Senior,Hồ Chí Minh,logistics,5,7
itviec:64ffd5f1-a58d-4f98-bb7a1ab,AI Solutions Architect,KMS Technology,GENAI_LLM,AI / Machine Learning,AI / GenAI Engineering,Lead,Hồ Chí Minh,tech_software,10,7
itviec:8d2ebd35-91fb-4dad-8a99-ef8b77f29b73,Senior Generative AI,"ARSEN Kawaijuku Tech Vietnam Co.,Ltd",GENAI_LLM,AI / Machine Learning,AI / GenAI Engineering,Senior,Hồ Chí Minh,tech_software,17,7
itviec:deb0ba59-d91f-4804-886e-07be0d4b98ac,Junior AI Application Dev,FPT Securities,GENAI_LLM,AI / Machine Learning,AI / GenAI Engineering,Junior,Hà Nội,bank_finance,16,7
topcv:2185841,Nhân Viên Dev AIBig Data,Công ty TNHH MTV Logistics Viettel,GENAI_LLM,AI / Machine Learning,AI / GenAI Engineering,Junior,Hà Nội,logistics,8,7
vietnamworks:2059547,AI Platform Engineer,Trung Tâm Bán Dẫn Viettel (Viettel Semi),GENAI_LLM,AI / Machine Learning,AI / GenAI Engineering,Mid,Hà Nội,manufacturing,3,7
vietnamworks:2065729,"AI Engineering, Specialist",AIA Vietnam (Great Place To Work® Certified),GENAI_LLM,AI / Machine Learning,AI / GenAI Engineering,Mid,Hồ Chí Minh,bank_finance,6,7
vietnamworks:2067868,AI Agent / Workflow Developer,Công Ty CP Hyundai Aluminum Vina,GENAI_LLM,AI / Machine Learning,AI / GenAI Engineering,Senior,Hà Nội,manufacturing,3,7
vietnamworks:2068353,AI/ Automation Engineer,ONPOINT COMPANY LIMITED,GENAI_LLM,AI / Machine Learning,AI / GenAI Engineering,Mid,Hồ Chí Minh,ecommerce,4,7
careerviet:35C7A999,MLOps Engineer - Kỹ Sư Vận Hành Và Tích Hợp Mô Hình AI,CÔNG TY CỔ PHẦN DƯỢC PHẨM FPT LONG CHÂU,MLOPS,AI / Machine Learning,ML Engineering,Mid,Hồ Chí Minh,retail_consumer,4,7
glints:68b62692-c20a-49e4-aa48-63db89718c6e,Nhân Viên Lập Trình,Công Ty Chứng Khoán Acb,ML_ENGINEER,AI / Machine Learning,ML Engineering,Junior,,bank_finance,14,7
itviec:5f8d05e7-70ee-472b-8694-3be31ccc24fa,Applied AI / Machine Learning Engineer,Công ty TNHH Peregrine Management Việt Nam,ML_ENGINEER,AI / Machine Learning,ML Engineering,Senior,Hà Nội,tech_software,17,7
itviec:826eea24-4bfd-41c4-8bc4-da393024f542,Senior/Middle Machine Learning Engineer,M_Service (MoMo),ML_ENGINEER,AI / Machine Learning,ML Engineering,Senior,Hồ Chí Minh,bank_finance,6,7
itviec:f4b7a426-2141-4f52-9a60-071748725df6,Software Engineer for CAD/3D Data,ITviec Recruitment Consulting,ML_ENGINEER,AI / Machine Learning,ML Engineering,Senior,Hồ Chí Minh,recruitment_agency,13,7
itviec:fb81a623-507f-406a-af92-ff908244d5bd,Senior Developer,iDeaLogic,ML_ENGINEER,AI / Machine Learning,ML Engineering,Senior,Hồ Chí Minh,tech_software,13,7
itviec:fc7bb2e4-4ecb-4dcf-94de-185a78a30fba,Principal System Engineer,"MONEY FORWARD VIETNAM CO.,LTD",ML_ENGINEER,AI / Machine Learning,ML Engineering,Lead,Hồ Chí Minh,bank_finance,13,7
vietnamworks:2067813,AI Expert,Tổng Công ty Công nghiệp Công nghệ cao Viettel (Viettel High Tech),RESEARCH_SCIENTIST,AI / Machine Learning,Data / Decision Science,Senior,Hà Nội,tech_software,3,7
careerviet:35C780AF,QLRR_Chuyên Viên Cao Cấp Quản Lý Rủi Ro Thanh Khoản,Ngân hàng TMCP Phát triển TP.HCM (HDBank),RISK_FRAUD_ANALYST,Analytics,Business / Domain Analysis,Senior,Hồ Chí Minh,bank_finance,10,7
careerviet:35C79AE2,Chuyên gia/CVCC Mô hình rủi ro,Ngân Hàng TMCP Sài Gòn - Hà Nội ( SHB ),RISK_FRAUD_ANALYST,Analytics,Business / Domain Analysis,Senior,Hà Nội,bank_finance,7,7
